Datum     ;Uhrzeit   ;Zeit;Wärmemenge in kWh    
16.01.2019;10:00;16.01.2019 10:00;850
16.01.2019;11:00;16.01.2019 11:00;1090
16.01.2019;12:00;16.01.2019 12:00;1070
16.01.2019;13:00;16.01.2019 13:00;1110
16.01.2019;14:00;16.01.2019 14:00;1060
16.01.2019;15:00;16.01.2019 15:00;1090
16.01.2019;16:00;16.01.2019 16:00;1040
16.01.2019;17:00;16.01.2019 17:00;1110
16.01.2019;18:00;16.01.2019 18:00;1010
16.01.2019;19:00;16.01.2019 19:00;1090
16.01.2019;20:00;16.01.2019 20:00;1010
16.01.2019;21:00;16.01.2019 21:00;1110
16.01.2019;22:00;16.01.2019 22:00;990
16.01.2019;23:00;16.01.2019 23:00;1040
17.01.2019;00:00;17.01.2019 00:00;880
17.01.2019;01:00;17.01.2019 01:00;1040
17.01.2019;02:00;17.01.2019 02:00;880
17.01.2019;03:00;17.01.2019 03:00;1030
17.01.2019;04:00;17.01.2019 04:00;940
17.01.2019;05:00;17.01.2019 05:00;970
17.01.2019;06:00;17.01.2019 06:00;1070
17.01.2019;07:00;17.01.2019 07:00;1040
17.01.2019;08:00;17.01.2019 08:00;1230
17.01.2019;09:00;17.01.2019 09:00;1260
17.01.2019;10:00;17.01.2019 10:00;1210
17.01.2019;11:00;17.01.2019 11:00;1030
17.01.2019;12:00;17.01.2019 12:00;1180
17.01.2019;13:00;17.01.2019 13:00;1170
17.01.2019;14:00;17.01.2019 14:00;1270
17.01.2019;15:00;17.01.2019 15:00;1160
17.01.2019;16:00;17.01.2019 16:00;1280
17.01.2019;17:00;17.01.2019 17:00;1150
17.01.2019;18:00;17.01.2019 18:00;1340
17.01.2019;19:00;17.01.2019 19:00;1140
17.01.2019;20:00;17.01.2019 20:00;1300
17.01.2019;21:00;17.01.2019 21:00;1140
17.01.2019;22:00;17.01.2019 22:00;1280
17.01.2019;23:00;17.01.2019 23:00;1080
18.01.2019;00:00;18.01.2019 00:00;1130
18.01.2019;01:00;18.01.2019 01:00;1140
18.01.2019;02:00;18.01.2019 02:00;1080
18.01.2019;03:00;18.01.2019 03:00;1190
18.01.2019;04:00;18.01.2019 04:00;1100
18.01.2019;05:00;18.01.2019 05:00;1150
18.01.2019;06:00;18.01.2019 06:00;1370
18.01.2019;07:00;18.01.2019 07:00;1240
18.01.2019;08:00;18.01.2019 08:00;1500
18.01.2019;09:00;18.01.2019 09:00;1490
18.01.2019;10:00;18.01.2019 10:00;1360
18.01.2019;11:00;18.01.2019 11:00;1410
18.01.2019;12:00;18.01.2019 12:00;1250
18.01.2019;13:00;18.01.2019 13:00;1280
18.01.2019;14:00;18.01.2019 14:00;1210
18.01.2019;15:00;18.01.2019 15:00;1200
18.01.2019;16:00;18.01.2019 16:00;1180
18.01.2019;17:00;18.01.2019 17:00;1190
18.01.2019;18:00;18.01.2019 18:00;1320
18.01.2019;19:00;18.01.2019 19:00;1290
18.01.2019;20:00;18.01.2019 20:00;1340
18.01.2019;21:00;18.01.2019 21:00;1310
18.01.2019;22:00;18.01.2019 22:00;1290
18.01.2019;23:00;18.01.2019 23:00;1140
19.01.2019;00:00;19.01.2019 00:00;1180
19.01.2019;01:00;19.01.2019 01:00;1160
19.01.2019;02:00;19.01.2019 02:00;1160
19.01.2019;03:00;19.01.2019 03:00;1230
19.01.2019;04:00;19.01.2019 04:00;1120
19.01.2019;05:00;19.01.2019 05:00;1260
19.01.2019;06:00;19.01.2019 06:00;1320
19.01.2019;07:00;19.01.2019 07:00;1290
19.01.2019;08:00;19.01.2019 08:00;1470
19.01.2019;09:00;19.01.2019 09:00;1260
19.01.2019;10:00;19.01.2019 10:00;1100
19.01.2019;11:00;19.01.2019 11:00;1220
19.01.2019;12:00;19.01.2019 12:00;1110
19.01.2019;13:00;19.01.2019 13:00;1080
19.01.2019;14:00;19.01.2019 14:00;1060
19.01.2019;15:00;19.01.2019 15:00;990
19.01.2019;16:00;19.01.2019 16:00;1130
19.01.2019;17:00;19.01.2019 17:00;1020
19.01.2019;18:00;19.01.2019 18:00;1310
19.01.2019;19:00;19.01.2019 19:00;1350
19.01.2019;20:00;19.01.2019 20:00;1310
19.01.2019;21:00;19.01.2019 21:00;1400
19.01.2019;22:00;19.01.2019 22:00;1240
19.01.2019;23:00;19.01.2019 23:00;1320
20.01.2019;00:00;20.01.2019 00:00;1240
20.01.2019;01:00;20.01.2019 01:00;1260
20.01.2019;02:00;20.01.2019 02:00;1340
20.01.2019;03:00;20.01.2019 03:00;1250
20.01.2019;04:00;20.01.2019 04:00;1390
20.01.2019;05:00;20.01.2019 05:00;1310
20.01.2019;06:00;20.01.2019 06:00;1430
20.01.2019;07:00;20.01.2019 07:00;1530
20.01.2019;08:00;20.01.2019 08:00;1600
20.01.2019;09:00;20.01.2019 09:00;1630
20.01.2019;10:00;20.01.2019 10:00;1490
20.01.2019;11:00;20.01.2019 11:00;1530
20.01.2019;12:00;20.01.2019 12:00;1310
20.01.2019;13:00;20.01.2019 13:00;1390
20.01.2019;14:00;20.01.2019 14:00;1310
20.01.2019;15:00;20.01.2019 15:00;1290
20.01.2019;16:00;20.01.2019 16:00;1330
20.01.2019;17:00;20.01.2019 17:00;1260
20.01.2019;18:00;20.01.2019 18:00;1390
20.01.2019;19:00;20.01.2019 19:00;1360
20.01.2019;20:00;20.01.2019 20:00;1450
20.01.2019;21:00;20.01.2019 21:00;1340
20.01.2019;22:00;20.01.2019 22:00;1420
20.01.2019;23:00;20.01.2019 23:00;1280
21.01.2019;00:00;21.01.2019 00:00;1360
21.01.2019;01:00;21.01.2019 01:00;1410
21.01.2019;02:00;21.01.2019 02:00;1330
21.01.2019;03:00;21.01.2019 03:00;1460
21.01.2019;04:00;21.01.2019 04:00;1430
21.01.2019;05:00;21.01.2019 05:00;1400
21.01.2019;06:00;21.01.2019 06:00;1610
21.01.2019;07:00;21.01.2019 07:00;1510
21.01.2019;08:00;21.01.2019 08:00;1830
21.01.2019;09:00;21.01.2019 09:00;1610
21.01.2019;10:00;21.01.2019 10:00;1740
21.01.2019;11:00;21.01.2019 11:00;1490
21.01.2019;12:00;21.01.2019 12:00;1470
21.01.2019;13:00;21.01.2019 13:00;1280
21.01.2019;14:00;21.01.2019 14:00;1380
21.01.2019;15:00;21.01.2019 15:00;1250
21.01.2019;16:00;21.01.2019 16:00;1360
21.01.2019;17:00;21.01.2019 17:00;1270
21.01.2019;18:00;21.01.2019 18:00;1410
21.01.2019;19:00;21.01.2019 19:00;1290
21.01.2019;20:00;21.01.2019 20:00;1410
21.01.2019;21:00;21.01.2019 21:00;1320
21.01.2019;22:00;21.01.2019 22:00;1320
21.01.2019;23:00;21.01.2019 23:00;1330
22.01.2019;00:00;22.01.2019 00:00;1170
22.01.2019;01:00;22.01.2019 01:00;1330
22.01.2019;02:00;22.01.2019 02:00;1320
22.01.2019;03:00;22.01.2019 03:00;1210
22.01.2019;04:00;22.01.2019 04:00;1340
22.01.2019;05:00;22.01.2019 05:00;1290
22.01.2019;06:00;22.01.2019 06:00;1440
22.01.2019;07:00;22.01.2019 07:00;1350
22.01.2019;08:00;22.01.2019 08:00;1670
22.01.2019;09:00;22.01.2019 09:00;1560
22.01.2019;10:00;22.01.2019 10:00;1550
22.01.2019;11:00;22.01.2019 11:00;1470
22.01.2019;12:00;22.01.2019 12:00;1400
22.01.2019;13:00;22.01.2019 13:00;1280
22.01.2019;14:00;22.01.2019 14:00;1390
22.01.2019;15:00;22.01.2019 15:00;1270
22.01.2019;16:00;22.01.2019 16:00;1420
22.01.2019;17:00;22.01.2019 17:00;1380
22.01.2019;18:00;22.01.2019 18:00;1510
22.01.2019;19:00;22.01.2019 19:00;1390
22.01.2019;20:00;22.01.2019 20:00;1600
22.01.2019;21:00;22.01.2019 21:00;1420
22.01.2019;22:00;22.01.2019 22:00;1490
22.01.2019;23:00;22.01.2019 23:00;1400
23.01.2019;00:00;23.01.2019 00:00;1260
23.01.2019;01:00;23.01.2019 01:00;1400
23.01.2019;02:00;23.01.2019 02:00;1210
23.01.2019;03:00;23.01.2019 03:00;1360
23.01.2019;04:00;23.01.2019 04:00;1300
23.01.2019;05:00;23.01.2019 05:00;1270
23.01.2019;06:00;23.01.2019 06:00;1440
23.01.2019;07:00;23.01.2019 07:00;1330
23.01.2019;08:00;23.01.2019 08:00;1690
23.01.2019;09:00;23.01.2019 09:00;1630
23.01.2019;10:00;23.01.2019 10:00;1450
23.01.2019;11:00;23.01.2019 11:00;1530
23.01.2019;12:00;23.01.2019 12:00;1450
23.01.2019;13:00;23.01.2019 13:00;1430
23.01.2019;14:00;23.01.2019 14:00;1490
23.01.2019;15:00;23.01.2019 15:00;1440
23.01.2019;16:00;23.01.2019 16:00;1510
23.01.2019;17:00;23.01.2019 17:00;1400
23.01.2019;18:00;23.01.2019 18:00;1530
23.01.2019;19:00;23.01.2019 19:00;1420
23.01.2019;20:00;23.01.2019 20:00;1580
23.01.2019;21:00;23.01.2019 21:00;1440
23.01.2019;22:00;23.01.2019 22:00;1490
23.01.2019;23:00;23.01.2019 23:00;1370
24.01.2019;00:00;24.01.2019 00:00;1260
24.01.2019;01:00;24.01.2019 01:00;1410
24.01.2019;02:00;24.01.2019 02:00;1300
24.01.2019;03:00;24.01.2019 03:00;1390
24.01.2019;04:00;24.01.2019 04:00;1340
24.01.2019;05:00;24.01.2019 05:00;1320
24.01.2019;06:00;24.01.2019 06:00;1590
24.01.2019;07:00;24.01.2019 07:00;1420
24.01.2019;08:00;24.01.2019 08:00;1800
24.01.2019;09:00;24.01.2019 09:00;1620
24.01.2019;10:00;24.01.2019 10:00;1660
24.01.2019;11:00;24.01.2019 11:00;1580
24.01.2019;12:00;24.01.2019 12:00;1680
24.01.2019;13:00;24.01.2019 13:00;1530
24.01.2019;14:00;24.01.2019 14:00;1690
24.01.2019;15:00;24.01.2019 15:00;1490
24.01.2019;16:00;24.01.2019 16:00;1640
24.01.2019;17:00;24.01.2019 17:00;1420
24.01.2019;18:00;24.01.2019 18:00;1620
24.01.2019;19:00;24.01.2019 19:00;1450
24.01.2019;20:00;24.01.2019 20:00;1610
24.01.2019;21:00;24.01.2019 21:00;1490
24.01.2019;22:00;24.01.2019 22:00;1450
24.01.2019;23:00;24.01.2019 23:00;1510
25.01.2019;00:00;25.01.2019 00:00;1250
25.01.2019;01:00;25.01.2019 01:00;1420
25.01.2019;02:00;25.01.2019 02:00;1330
25.01.2019;03:00;25.01.2019 03:00;1380
25.01.2019;04:00;25.01.2019 04:00;1380
25.01.2019;05:00;25.01.2019 05:00;1320
25.01.2019;06:00;25.01.2019 06:00;1600
25.01.2019;07:00;25.01.2019 07:00;1480
25.01.2019;08:00;25.01.2019 08:00;1760
25.01.2019;09:00;25.01.2019 09:00;1520
25.01.2019;10:00;25.01.2019 10:00;1620
25.01.2019;11:00;25.01.2019 11:00;1440
25.01.2019;12:00;25.01.2019 12:00;1530
25.01.2019;13:00;25.01.2019 13:00;1410
25.01.2019;14:00;25.01.2019 14:00;1500
25.01.2019;15:00;25.01.2019 15:00;1330
25.01.2019;16:00;25.01.2019 16:00;1450
25.01.2019;17:00;25.01.2019 17:00;1280
25.01.2019;18:00;25.01.2019 18:00;1340
25.01.2019;19:00;25.01.2019 19:00;1360
25.01.2019;20:00;25.01.2019 20:00;1340
25.01.2019;21:00;25.01.2019 21:00;1380
25.01.2019;22:00;25.01.2019 22:00;1260
25.01.2019;23:00;25.01.2019 23:00;1260
26.01.2019;00:00;26.01.2019 00:00;1090
26.01.2019;01:00;26.01.2019 01:00;1180
26.01.2019;02:00;26.01.2019 02:00;1090
26.01.2019;03:00;26.01.2019 03:00;1150
26.01.2019;04:00;26.01.2019 04:00;1070
26.01.2019;05:00;26.01.2019 05:00;1090
26.01.2019;06:00;26.01.2019 06:00;1210
26.01.2019;07:00;26.01.2019 07:00;1100
26.01.2019;08:00;26.01.2019 08:00;1270
26.01.2019;09:00;26.01.2019 09:00;1150
26.01.2019;10:00;26.01.2019 10:00;1100
26.01.2019;11:00;26.01.2019 11:00;1020
26.01.2019;12:00;26.01.2019 12:00;1090
26.01.2019;13:00;26.01.2019 13:00;970
26.01.2019;14:00;26.01.2019 14:00;1070
26.01.2019;15:00;26.01.2019 15:00;1010
26.01.2019;16:00;26.01.2019 16:00;970
26.01.2019;17:00;26.01.2019 17:00;1050
26.01.2019;18:00;26.01.2019 18:00;1070
26.01.2019;19:00;26.01.2019 19:00;1160
26.01.2019;20:00;26.01.2019 20:00;1100
26.01.2019;21:00;26.01.2019 21:00;1160
26.01.2019;22:00;26.01.2019 22:00;1050
26.01.2019;23:00;26.01.2019 23:00;1130
27.01.2019;00:00;27.01.2019 00:00;910
27.01.2019;01:00;27.01.2019 01:00;1090
27.01.2019;02:00;27.01.2019 02:00;930
27.01.2019;03:00;27.01.2019 03:00;1070
27.01.2019;04:00;27.01.2019 04:00;950
27.01.2019;05:00;27.01.2019 05:00;1050
27.01.2019;06:00;27.01.2019 06:00;1070
27.01.2019;07:00;27.01.2019 07:00;1100
27.01.2019;08:00;27.01.2019 08:00;1170
27.01.2019;09:00;27.01.2019 09:00;1210
27.01.2019;10:00;27.01.2019 10:00;1110
27.01.2019;11:00;27.01.2019 11:00;1060
27.01.2019;12:00;27.01.2019 12:00;1140
27.01.2019;13:00;27.01.2019 13:00;1010
27.01.2019;14:00;27.01.2019 14:00;1130
27.01.2019;15:00;27.01.2019 15:00;1040
27.01.2019;16:00;27.01.2019 16:00;1150
27.01.2019;17:00;27.01.2019 17:00;1050
27.01.2019;18:00;27.01.2019 18:00;1250
27.01.2019;19:00;27.01.2019 19:00;1140
27.01.2019;20:00;27.01.2019 20:00;1230
27.01.2019;21:00;27.01.2019 21:00;1170
27.01.2019;22:00;27.01.2019 22:00;1180
27.01.2019;23:00;27.01.2019 23:00;1100
28.01.2019;00:00;28.01.2019 00:00;1090
28.01.2019;01:00;28.01.2019 01:00;1030
28.01.2019;02:00;28.01.2019 02:00;1150
28.01.2019;03:00;28.01.2019 03:00;1080
28.01.2019;04:00;28.01.2019 04:00;1100
28.01.2019;05:00;28.01.2019 05:00;1180
28.01.2019;06:00;28.01.2019 06:00;1200
28.01.2019;07:00;28.01.2019 07:00;1330
28.01.2019;08:00;28.01.2019 08:00;1370
28.01.2019;09:00;28.01.2019 09:00;1410
28.01.2019;10:00;28.01.2019 10:00;1230
28.01.2019;11:00;28.01.2019 11:00;1310
28.01.2019;12:00;28.01.2019 12:00;1210
28.01.2019;13:00;28.01.2019 13:00;1230
28.01.2019;14:00;28.01.2019 14:00;1300
28.01.2019;15:00;28.01.2019 15:00;1260
28.01.2019;16:00;28.01.2019 16:00;1320
28.01.2019;17:00;28.01.2019 17:00;1300
28.01.2019;18:00;28.01.2019 18:00;1270
28.01.2019;19:00;28.01.2019 19:00;1230
28.01.2019;20:00;28.01.2019 20:00;1350
28.01.2019;21:00;28.01.2019 21:00;1250
28.01.2019;22:00;28.01.2019 22:00;1270
28.01.2019;23:00;28.01.2019 23:00;1200
29.01.2019;00:00;29.01.2019 00:00;1170
29.01.2019;01:00;29.01.2019 01:00;1100
29.01.2019;02:00;29.01.2019 02:00;1210
29.01.2019;03:00;29.01.2019 03:00;1130
29.01.2019;04:00;29.01.2019 04:00;1160
29.01.2019;05:00;29.01.2019 05:00;1190
29.01.2019;06:00;29.01.2019 06:00;1320
29.01.2019;07:00;29.01.2019 07:00;1310
29.01.2019;08:00;29.01.2019 08:00;1450
29.01.2019;09:00;29.01.2019 09:00;1460
29.01.2019;10:00;29.01.2019 10:00;1240
29.01.2019;11:00;29.01.2019 11:00;1430
29.01.2019;12:00;29.01.2019 12:00;1180
29.01.2019;13:00;29.01.2019 13:00;1330
29.01.2019;14:00;29.01.2019 14:00;1150
29.01.2019;15:00;29.01.2019 15:00;1220
29.01.2019;16:00;29.01.2019 16:00;1170
29.01.2019;17:00;29.01.2019 17:00;1250
29.01.2019;18:00;29.01.2019 18:00;1170
29.01.2019;19:00;29.01.2019 19:00;1270
29.01.2019;20:00;29.01.2019 20:00;1270
29.01.2019;21:00;29.01.2019 21:00;1320
29.01.2019;22:00;29.01.2019 22:00;1250
29.01.2019;23:00;29.01.2019 23:00;1210
30.01.2019;00:00;30.01.2019 00:00;1090
30.01.2019;01:00;30.01.2019 01:00;1100
30.01.2019;02:00;30.01.2019 02:00;1180
30.01.2019;03:00;30.01.2019 03:00;1090
30.01.2019;04:00;30.01.2019 04:00;1230
30.01.2019;05:00;30.01.2019 05:00;1130
30.01.2019;06:00;30.01.2019 06:00;1290
30.01.2019;07:00;30.01.2019 07:00;1340
30.01.2019;08:00;30.01.2019 08:00;1540
30.01.2019;09:00;30.01.2019 09:00;1400
30.01.2019;10:00;30.01.2019 10:00;1420
30.01.2019;11:00;30.01.2019 11:00;1340
30.01.2019;12:00;30.01.2019 12:00;1410
30.01.2019;13:00;30.01.2019 13:00;1370
30.01.2019;14:00;30.01.2019 14:00;1400
30.01.2019;15:00;30.01.2019 15:00;1290
30.01.2019;16:00;30.01.2019 16:00;1350
30.01.2019;17:00;30.01.2019 17:00;1300
30.01.2019;18:00;30.01.2019 18:00;1400
30.01.2019;19:00;30.01.2019 19:00;1270
30.01.2019;20:00;30.01.2019 20:00;1450
30.01.2019;21:00;30.01.2019 21:00;1240
30.01.2019;22:00;30.01.2019 22:00;1320
30.01.2019;23:00;30.01.2019 23:00;1200
31.01.2019;00:00;31.01.2019 00:00;1110
31.01.2019;01:00;31.01.2019 01:00;1190
31.01.2019;02:00;31.01.2019 02:00;1030
31.01.2019;03:00;31.01.2019 03:00;1200
31.01.2019;04:00;31.01.2019 04:00;1180
31.01.2019;05:00;31.01.2019 05:00;1130
31.01.2019;06:00;31.01.2019 06:00;1450
31.01.2019;07:00;31.01.2019 07:00;1260
31.01.2019;08:00;31.01.2019 08:00;1610
31.01.2019;09:00;31.01.2019 09:00;1560
31.01.2019;10:00;31.01.2019 10:00;1360
31.01.2019;11:00;31.01.2019 11:00;1400
31.01.2019;12:00;31.01.2019 12:00;1400
31.01.2019;13:00;31.01.2019 13:00;1320
31.01.2019;14:00;31.01.2019 14:00;1410
31.01.2019;15:00;31.01.2019 15:00;1260
31.01.2019;16:00;31.01.2019 16:00;1410
31.01.2019;17:00;31.01.2019 17:00;1270
31.01.2019;18:00;31.01.2019 18:00;1370
31.01.2019;19:00;31.01.2019 19:00;1250
31.01.2019;20:00;31.01.2019 20:00;1410
31.01.2019;21:00;31.01.2019 21:00;1280
31.01.2019;22:00;31.01.2019 22:00;1340
31.01.2019;23:00;31.01.2019 23:00;1270
01.02.2019;00:00;01.02.2019 00:00;1170
01.02.2019;01:00;01.02.2019 01:00;1220
01.02.2019;02:00;01.02.2019 02:00;1120
01.02.2019;03:00;01.02.2019 03:00;1250
01.02.2019;04:00;01.02.2019 04:00;1150
01.02.2019;05:00;01.02.2019 05:00;1210
01.02.2019;06:00;01.02.2019 06:00;1380
01.02.2019;07:00;01.02.2019 07:00;1250
01.02.2019;08:00;01.02.2019 08:00;1500
01.02.2019;09:00;01.02.2019 09:00;1420
01.02.2019;10:00;01.02.2019 10:00;1270
01.02.2019;11:00;01.02.2019 11:00;1310
01.02.2019;12:00;01.02.2019 12:00;1200
01.02.2019;13:00;01.02.2019 13:00;1160
01.02.2019;14:00;01.02.2019 14:00;1140
01.02.2019;15:00;01.02.2019 15:00;1010
01.02.2019;16:00;01.02.2019 16:00;1100
01.02.2019;17:00;01.02.2019 17:00;1030
01.02.2019;18:00;01.02.2019 18:00;1180
01.02.2019;19:00;01.02.2019 19:00;1120
01.02.2019;20:00;01.02.2019 20:00;1270
01.02.2019;21:00;01.02.2019 21:00;1150
01.02.2019;22:00;01.02.2019 22:00;1230
01.02.2019;23:00;01.02.2019 23:00;1120
02.02.2019;00:00;02.02.2019 00:00;1020
02.02.2019;01:00;02.02.2019 01:00;1170
02.02.2019;02:00;02.02.2019 02:00;1020
02.02.2019;03:00;02.02.2019 03:00;1150
02.02.2019;04:00;02.02.2019 04:00;1100
02.02.2019;05:00;02.02.2019 05:00;1060
02.02.2019;06:00;02.02.2019 06:00;1290
02.02.2019;07:00;02.02.2019 07:00;1160
02.02.2019;08:00;02.02.2019 08:00;1360
02.02.2019;09:00;02.02.2019 09:00;1340
02.02.2019;10:00;02.02.2019 10:00;1190
02.02.2019;11:00;02.02.2019 11:00;1360
02.02.2019;12:00;02.02.2019 12:00;1220
02.02.2019;13:00;02.02.2019 13:00;1300
02.02.2019;14:00;02.02.2019 14:00;1250
02.02.2019;15:00;02.02.2019 15:00;1320
02.02.2019;16:00;02.02.2019 16:00;1250
02.02.2019;17:00;02.02.2019 17:00;1360
02.02.2019;18:00;02.02.2019 18:00;1230
02.02.2019;19:00;02.02.2019 19:00;1390
02.02.2019;20:00;02.02.2019 20:00;1260
02.02.2019;21:00;02.02.2019 21:00;1340
02.02.2019;22:00;02.02.2019 22:00;1320
02.02.2019;23:00;02.02.2019 23:00;1130
03.02.2019;00:00;03.02.2019 00:00;1190
03.02.2019;01:00;03.02.2019 01:00;1070
03.02.2019;02:00;03.02.2019 02:00;1180
03.02.2019;03:00;03.02.2019 03:00;1120
03.02.2019;04:00;03.02.2019 04:00;1140
03.02.2019;05:00;03.02.2019 05:00;1230
03.02.2019;06:00;03.02.2019 06:00;1210
03.02.2019;07:00;03.02.2019 07:00;1360
03.02.2019;08:00;03.02.2019 08:00;1330
03.02.2019;09:00;03.02.2019 09:00;1480
03.02.2019;10:00;03.02.2019 10:00;1330
03.02.2019;11:00;03.02.2019 11:00;1390
03.02.2019;12:00;03.02.2019 12:00;1160
03.02.2019;13:00;03.02.2019 13:00;1290
03.02.2019;14:00;03.02.2019 14:00;1120
03.02.2019;15:00;03.02.2019 15:00;1190
03.02.2019;16:00;03.02.2019 16:00;1160
03.02.2019;17:00;03.02.2019 17:00;1240
03.02.2019;18:00;03.02.2019 18:00;1140
03.02.2019;19:00;03.02.2019 19:00;1280
03.02.2019;20:00;03.02.2019 20:00;1230
03.02.2019;21:00;03.02.2019 21:00;1240
03.02.2019;22:00;03.02.2019 22:00;1290
03.02.2019;23:00;03.02.2019 23:00;1130
04.02.2019;00:00;04.02.2019 00:00;1160
04.02.2019;01:00;04.02.2019 01:00;1120
04.02.2019;02:00;04.02.2019 02:00;1180
04.02.2019;03:00;04.02.2019 03:00;1220
04.02.2019;04:00;04.02.2019 04:00;1110
04.02.2019;05:00;04.02.2019 05:00;1270
04.02.2019;06:00;04.02.2019 06:00;1270
04.02.2019;07:00;04.02.2019 07:00;1350
04.02.2019;08:00;04.02.2019 08:00;1520
04.02.2019;09:00;04.02.2019 09:00;1490
04.02.2019;10:00;04.02.2019 10:00;1320
04.02.2019;11:00;04.02.2019 11:00;1400
04.02.2019;12:00;04.02.2019 12:00;1210
04.02.2019;13:00;04.02.2019 13:00;1300
04.02.2019;14:00;04.02.2019 14:00;1150
04.02.2019;15:00;04.02.2019 15:00;1230
04.02.2019;16:00;04.02.2019 16:00;1250
04.02.2019;17:00;04.02.2019 17:00;1200
04.02.2019;18:00;04.02.2019 18:00;1260
04.02.2019;19:00;04.02.2019 19:00;1160
04.02.2019;20:00;04.02.2019 20:00;1280
04.02.2019;21:00;04.02.2019 21:00;1170
04.02.2019;22:00;04.02.2019 22:00;1270
04.02.2019;23:00;04.02.2019 23:00;1120
05.02.2019;00:00;05.02.2019 00:00;1160
05.02.2019;01:00;05.02.2019 01:00;1120
05.02.2019;02:00;05.02.2019 02:00;1160
05.02.2019;03:00;05.02.2019 03:00;1170
05.02.2019;04:00;05.02.2019 04:00;1140
05.02.2019;05:00;05.02.2019 05:00;1230
05.02.2019;06:00;05.02.2019 06:00;1230
05.02.2019;07:00;05.02.2019 07:00;1320
05.02.2019;08:00;05.02.2019 08:00;1410
05.02.2019;09:00;05.02.2019 09:00;1410
05.02.2019;10:00;05.02.2019 10:00;1290
05.02.2019;11:00;05.02.2019 11:00;1350
05.02.2019;12:00;05.02.2019 12:00;1280
05.02.2019;13:00;05.02.2019 13:00;1250
05.02.2019;14:00;05.02.2019 14:00;1190
05.02.2019;15:00;05.02.2019 15:00;1240
05.02.2019;16:00;05.02.2019 16:00;1230
05.02.2019;17:00;05.02.2019 17:00;1210
05.02.2019;18:00;05.02.2019 18:00;1170
05.02.2019;19:00;05.02.2019 19:00;1190
05.02.2019;20:00;05.02.2019 20:00;1140
05.02.2019;21:00;05.02.2019 21:00;1260
05.02.2019;22:00;05.02.2019 22:00;1190
05.02.2019;23:00;05.02.2019 23:00;1190
06.02.2019;00:00;06.02.2019 00:00;1030
06.02.2019;01:00;06.02.2019 01:00;1150
06.02.2019;02:00;06.02.2019 02:00;1020
06.02.2019;03:00;06.02.2019 03:00;1120
06.02.2019;04:00;06.02.2019 04:00;1050
06.02.2019;05:00;06.02.2019 05:00;1070
06.02.2019;06:00;06.02.2019 06:00;1250
06.02.2019;07:00;06.02.2019 07:00;1130
06.02.2019;08:00;06.02.2019 08:00;1360
06.02.2019;09:00;06.02.2019 09:00;1340
06.02.2019;10:00;06.02.2019 10:00;1280
06.02.2019;11:00;06.02.2019 11:00;1130
06.02.2019;12:00;06.02.2019 12:00;1060
06.02.2019;13:00;06.02.2019 13:00;1000
06.02.2019;14:00;06.02.2019 14:00;1070
06.02.2019;15:00;06.02.2019 15:00;960
06.02.2019;16:00;06.02.2019 16:00;1010
06.02.2019;17:00;06.02.2019 17:00;920
06.02.2019;18:00;06.02.2019 18:00;1010
06.02.2019;19:00;06.02.2019 19:00;950
06.02.2019;20:00;06.02.2019 20:00;1040
06.02.2019;21:00;06.02.2019 21:00;1030
06.02.2019;22:00;06.02.2019 22:00;1000
06.02.2019;23:00;06.02.2019 23:00;1010
07.02.2019;00:00;07.02.2019 00:00;850
07.02.2019;01:00;07.02.2019 01:00;1010
07.02.2019;02:00;07.02.2019 02:00;870
07.02.2019;03:00;07.02.2019 03:00;1030
07.02.2019;04:00;07.02.2019 04:00;950
07.02.2019;05:00;07.02.2019 05:00;1050
07.02.2019;06:00;07.02.2019 06:00;1070
07.02.2019;07:00;07.02.2019 07:00;1070
07.02.2019;08:00;07.02.2019 08:00;1200
07.02.2019;09:00;07.02.2019 09:00;1170
07.02.2019;10:00;07.02.2019 10:00;1090
07.02.2019;11:00;07.02.2019 11:00;1020
07.02.2019;12:00;07.02.2019 12:00;1000
07.02.2019;13:00;07.02.2019 13:00;970
07.02.2019;14:00;07.02.2019 14:00;920
07.02.2019;15:00;07.02.2019 15:00;950
07.02.2019;16:00;07.02.2019 16:00;900
07.02.2019;17:00;07.02.2019 17:00;950
07.02.2019;18:00;07.02.2019 18:00;980
07.02.2019;19:00;07.02.2019 19:00;1000
07.02.2019;20:00;07.02.2019 20:00;1010
07.02.2019;21:00;07.02.2019 21:00;1030
07.02.2019;22:00;07.02.2019 22:00;1030
07.02.2019;23:00;07.02.2019 23:00;960
08.02.2019;00:00;08.02.2019 00:00;890
08.02.2019;01:00;08.02.2019 01:00;910
08.02.2019;02:00;08.02.2019 02:00;950
08.02.2019;03:00;08.02.2019 03:00;850
08.02.2019;04:00;08.02.2019 04:00;980
08.02.2019;05:00;08.02.2019 05:00;890
08.02.2019;06:00;08.02.2019 06:00;1070
08.02.2019;07:00;08.02.2019 07:00;1010
08.02.2019;08:00;08.02.2019 08:00;1190
08.02.2019;09:00;08.02.2019 09:00;1150
08.02.2019;10:00;08.02.2019 10:00;1100
08.02.2019;11:00;08.02.2019 11:00;1010
08.02.2019;12:00;08.02.2019 12:00;950
08.02.2019;13:00;08.02.2019 13:00;990
08.02.2019;14:00;08.02.2019 14:00;940
08.02.2019;15:00;08.02.2019 15:00;900
08.02.2019;16:00;08.02.2019 16:00;950
08.02.2019;17:00;08.02.2019 17:00;920
08.02.2019;18:00;08.02.2019 18:00;960
08.02.2019;19:00;08.02.2019 19:00;950
08.02.2019;20:00;08.02.2019 20:00;920
08.02.2019;21:00;08.02.2019 21:00;920
08.02.2019;22:00;08.02.2019 22:00;930
08.02.2019;23:00;08.02.2019 23:00;840
09.02.2019;00:00;09.02.2019 00:00;840
09.02.2019;01:00;09.02.2019 01:00;820
09.02.2019;02:00;09.02.2019 02:00;830
09.02.2019;03:00;09.02.2019 03:00;910
09.02.2019;04:00;09.02.2019 04:00;860
09.02.2019;05:00;09.02.2019 05:00;900
09.02.2019;06:00;09.02.2019 06:00;930
09.02.2019;07:00;09.02.2019 07:00;990
09.02.2019;08:00;09.02.2019 08:00;1040
09.02.2019;09:00;09.02.2019 09:00;1040
09.02.2019;10:00;09.02.2019 10:00;1060
09.02.2019;11:00;09.02.2019 11:00;920
09.02.2019;12:00;09.02.2019 12:00;890
09.02.2019;13:00;09.02.2019 13:00;950
09.02.2019;14:00;09.02.2019 14:00;880
09.02.2019;15:00;09.02.2019 15:00;940
09.02.2019;16:00;09.02.2019 16:00;910
09.02.2019;17:00;09.02.2019 17:00;1040
09.02.2019;18:00;09.02.2019 18:00;970
09.02.2019;19:00;09.02.2019 19:00;900
09.02.2019;20:00;09.02.2019 20:00;950
09.02.2019;21:00;09.02.2019 21:00;950
09.02.2019;22:00;09.02.2019 22:00;920
09.02.2019;23:00;09.02.2019 23:00;890
10.02.2019;00:00;10.02.2019 00:00;810
10.02.2019;01:00;10.02.2019 01:00;810
10.02.2019;02:00;10.02.2019 02:00;830
10.02.2019;03:00;10.02.2019 03:00;830
10.02.2019;04:00;10.02.2019 04:00;800
10.02.2019;05:00;10.02.2019 05:00;870
10.02.2019;06:00;10.02.2019 06:00;1020
10.02.2019;07:00;10.02.2019 07:00;960
10.02.2019;08:00;10.02.2019 08:00;1000
10.02.2019;09:00;10.02.2019 09:00;1000
10.02.2019;10:00;10.02.2019 10:00;950
10.02.2019;11:00;10.02.2019 11:00;910
10.02.2019;12:00;10.02.2019 12:00;910
10.02.2019;13:00;10.02.2019 13:00;920
10.02.2019;14:00;10.02.2019 14:00;920
10.02.2019;15:00;10.02.2019 15:00;980
10.02.2019;16:00;10.02.2019 16:00;970
10.02.2019;17:00;10.02.2019 17:00;980
10.02.2019;18:00;10.02.2019 18:00;1040
10.02.2019;19:00;10.02.2019 19:00;1010
10.02.2019;20:00;10.02.2019 20:00;1160
10.02.2019;21:00;10.02.2019 21:00;1130
10.02.2019;22:00;10.02.2019 22:00;1080
10.02.2019;23:00;10.02.2019 23:00;1120
11.02.2019;00:00;11.02.2019 00:00;1000
11.02.2019;01:00;11.02.2019 01:00;1140
11.02.2019;02:00;11.02.2019 02:00;1030
11.02.2019;03:00;11.02.2019 03:00;1030
11.02.2019;04:00;11.02.2019 04:00;1040
11.02.2019;05:00;11.02.2019 05:00;1010
11.02.2019;06:00;11.02.2019 06:00;1210
11.02.2019;07:00;11.02.2019 07:00;1110
11.02.2019;08:00;11.02.2019 08:00;1320
11.02.2019;09:00;11.02.2019 09:00;1200
11.02.2019;10:00;11.02.2019 10:00;1200
11.02.2019;11:00;11.02.2019 11:00;1180
11.02.2019;12:00;11.02.2019 12:00;1160
11.02.2019;13:00;11.02.2019 13:00;1130
11.02.2019;14:00;11.02.2019 14:00;1080
11.02.2019;15:00;11.02.2019 15:00;1080
11.02.2019;16:00;11.02.2019 16:00;970
11.02.2019;17:00;11.02.2019 17:00;1020
11.02.2019;18:00;11.02.2019 18:00;1050
11.02.2019;19:00;11.02.2019 19:00;1170
11.02.2019;20:00;11.02.2019 20:00;1090
11.02.2019;21:00;11.02.2019 21:00;1190
11.02.2019;22:00;11.02.2019 22:00;1080
11.02.2019;23:00;11.02.2019 23:00;1160
12.02.2019;00:00;12.02.2019 00:00;950
12.02.2019;01:00;12.02.2019 01:00;1100
12.02.2019;02:00;12.02.2019 02:00;1020
12.02.2019;03:00;12.02.2019 03:00;1090
12.02.2019;04:00;12.02.2019 04:00;1070
12.02.2019;05:00;12.02.2019 05:00;1070
12.02.2019;06:00;12.02.2019 06:00;1260
12.02.2019;07:00;12.02.2019 07:00;1170
12.02.2019;08:00;12.02.2019 08:00;1400
12.02.2019;09:00;12.02.2019 09:00;1350
12.02.2019;10:00;12.02.2019 10:00;1180
12.02.2019;11:00;12.02.2019 11:00;1300
12.02.2019;12:00;12.02.2019 12:00;1090
12.02.2019;13:00;12.02.2019 13:00;1160
12.02.2019;14:00;12.02.2019 14:00;1030
12.02.2019;15:00;12.02.2019 15:00;1100
12.02.2019;16:00;12.02.2019 16:00;1050
12.02.2019;17:00;12.02.2019 17:00;1080
12.02.2019;18:00;12.02.2019 18:00;1010
12.02.2019;19:00;12.02.2019 19:00;1130
12.02.2019;20:00;12.02.2019 20:00;1140
12.02.2019;21:00;12.02.2019 21:00;1030
12.02.2019;22:00;12.02.2019 22:00;1130
12.02.2019;23:00;12.02.2019 23:00;970
13.02.2019;00:00;13.02.2019 00:00;1000
13.02.2019;01:00;13.02.2019 01:00;940
13.02.2019;02:00;13.02.2019 02:00;1040
13.02.2019;03:00;13.02.2019 03:00;910
13.02.2019;04:00;13.02.2019 04:00;1050
13.02.2019;05:00;13.02.2019 05:00;940
13.02.2019;06:00;13.02.2019 06:00;1200
13.02.2019;07:00;13.02.2019 07:00;1070
13.02.2019;08:00;13.02.2019 08:00;1260
13.02.2019;09:00;13.02.2019 09:00;1290
13.02.2019;10:00;13.02.2019 10:00;1220
13.02.2019;11:00;13.02.2019 11:00;1040
13.02.2019;12:00;13.02.2019 12:00;1060
13.02.2019;13:00;13.02.2019 13:00;960
13.02.2019;14:00;13.02.2019 14:00;980
13.02.2019;15:00;13.02.2019 15:00;960
13.02.2019;16:00;13.02.2019 16:00;980
13.02.2019;17:00;13.02.2019 17:00;1000
13.02.2019;18:00;13.02.2019 18:00;970
13.02.2019;19:00;13.02.2019 19:00;1000
13.02.2019;20:00;13.02.2019 20:00;1050
13.02.2019;21:00;13.02.2019 21:00;1060
13.02.2019;22:00;13.02.2019 22:00;1010
13.02.2019;23:00;13.02.2019 23:00;1040
14.02.2019;00:00;14.02.2019 00:00;880
14.02.2019;01:00;14.02.2019 01:00;1000
14.02.2019;02:00;14.02.2019 02:00;900
14.02.2019;03:00;14.02.2019 03:00;1020
14.02.2019;04:00;14.02.2019 04:00;920
14.02.2019;05:00;14.02.2019 05:00;1010
14.02.2019;06:00;14.02.2019 06:00;1120
14.02.2019;07:00;14.02.2019 07:00;1120
14.02.2019;08:00;14.02.2019 08:00;1330
14.02.2019;09:00;14.02.2019 09:00;1300
14.02.2019;10:00;14.02.2019 10:00;1190
14.02.2019;11:00;14.02.2019 11:00;940
14.02.2019;12:00;14.02.2019 12:00;1010
14.02.2019;13:00;14.02.2019 13:00;740
14.02.2019;14:00;14.02.2019 14:00;790
14.02.2019;15:00;14.02.2019 15:00;670
14.02.2019;16:00;14.02.2019 16:00;670
14.02.2019;17:00;14.02.2019 17:00;700
14.02.2019;18:00;14.02.2019 18:00;740
14.02.2019;19:00;14.02.2019 19:00;860
14.02.2019;20:00;14.02.2019 20:00;890
14.02.2019;21:00;14.02.2019 21:00;930
14.02.2019;22:00;14.02.2019 22:00;960
14.02.2019;23:00;14.02.2019 23:00;890
15.02.2019;00:00;15.02.2019 00:00;880
15.02.2019;01:00;15.02.2019 01:00;820
15.02.2019;02:00;15.02.2019 02:00;840
15.02.2019;03:00;15.02.2019 03:00;820
15.02.2019;04:00;15.02.2019 04:00;850
15.02.2019;05:00;15.02.2019 05:00;850
15.02.2019;06:00;15.02.2019 06:00;980
15.02.2019;07:00;15.02.2019 07:00;980
15.02.2019;08:00;15.02.2019 08:00;1160
15.02.2019;09:00;15.02.2019 09:00;1130
15.02.2019;10:00;15.02.2019 10:00;960
15.02.2019;11:00;15.02.2019 11:00;680
15.02.2019;12:00;15.02.2019 12:00;660
15.02.2019;13:00;15.02.2019 13:00;540
15.02.2019;14:00;15.02.2019 14:00;590
15.02.2019;15:00;15.02.2019 15:00;540
15.02.2019;16:00;15.02.2019 16:00;460
15.02.2019;17:00;15.02.2019 17:00;560
15.02.2019;18:00;15.02.2019 18:00;530
15.02.2019;19:00;15.02.2019 19:00;700
15.02.2019;20:00;15.02.2019 20:00;690
15.02.2019;21:00;15.02.2019 21:00;690
15.02.2019;22:00;15.02.2019 22:00;700
15.02.2019;23:00;15.02.2019 23:00;690
16.02.2019;00:00;16.02.2019 00:00;600
16.02.2019;01:00;16.02.2019 01:00;670
16.02.2019;02:00;16.02.2019 02:00;640
16.02.2019;03:00;16.02.2019 03:00;700
16.02.2019;04:00;16.02.2019 04:00;710
16.02.2019;05:00;16.02.2019 05:00;690
16.02.2019;06:00;16.02.2019 06:00;830
16.02.2019;07:00;16.02.2019 07:00;840
16.02.2019;08:00;16.02.2019 08:00;950
16.02.2019;09:00;16.02.2019 09:00;940
16.02.2019;10:00;16.02.2019 10:00;850
16.02.2019;11:00;16.02.2019 11:00;700
16.02.2019;12:00;16.02.2019 12:00;650
16.02.2019;13:00;16.02.2019 13:00;610
16.02.2019;14:00;16.02.2019 14:00;600
16.02.2019;15:00;16.02.2019 15:00;560
16.02.2019;16:00;16.02.2019 16:00;540
16.02.2019;17:00;16.02.2019 17:00;570
16.02.2019;18:00;16.02.2019 18:00;640
16.02.2019;19:00;16.02.2019 19:00;690
16.02.2019;20:00;16.02.2019 20:00;740
16.02.2019;21:00;16.02.2019 21:00;750
16.02.2019;22:00;16.02.2019 22:00;770
16.02.2019;23:00;16.02.2019 23:00;770
17.02.2019;00:00;17.02.2019 00:00;740
17.02.2019;01:00;17.02.2019 01:00;760
17.02.2019;02:00;17.02.2019 02:00;830
17.02.2019;03:00;17.02.2019 03:00;750
17.02.2019;04:00;17.02.2019 04:00;840
17.02.2019;05:00;17.02.2019 05:00;750
17.02.2019;06:00;17.02.2019 06:00;940
17.02.2019;07:00;17.02.2019 07:00;780
17.02.2019;08:00;17.02.2019 08:00;950
17.02.2019;09:00;17.02.2019 09:00;920
17.02.2019;10:00;17.02.2019 10:00;820
17.02.2019;11:00;17.02.2019 11:00;660
17.02.2019;12:00;17.02.2019 12:00;590
17.02.2019;13:00;17.02.2019 13:00;550
17.02.2019;14:00;17.02.2019 14:00;540
17.02.2019;15:00;17.02.2019 15:00;520
17.02.2019;16:00;17.02.2019 16:00;490
17.02.2019;17:00;17.02.2019 17:00;530
17.02.2019;18:00;17.02.2019 18:00;560
17.02.2019;19:00;17.02.2019 19:00;630
17.02.2019;20:00;17.02.2019 20:00;650
17.02.2019;21:00;17.02.2019 21:00;650
17.02.2019;22:00;17.02.2019 22:00;670
17.02.2019;23:00;17.02.2019 23:00;650
18.02.2019;00:00;18.02.2019 00:00;600
18.02.2019;01:00;18.02.2019 01:00;660
18.02.2019;02:00;18.02.2019 02:00;710
18.02.2019;03:00;18.02.2019 03:00;730
18.02.2019;04:00;18.02.2019 04:00;710
18.02.2019;05:00;18.02.2019 05:00;760
18.02.2019;06:00;18.02.2019 06:00;860
18.02.2019;07:00;18.02.2019 07:00;830
18.02.2019;08:00;18.02.2019 08:00;1010
18.02.2019;09:00;18.02.2019 09:00;970
18.02.2019;10:00;18.02.2019 10:00;750
18.02.2019;11:00;18.02.2019 11:00;730
18.02.2019;12:00;18.02.2019 12:00;580
18.02.2019;13:00;18.02.2019 13:00;610
18.02.2019;14:00;18.02.2019 14:00;480
18.02.2019;15:00;18.02.2019 15:00;560
18.02.2019;16:00;18.02.2019 16:00;440
18.02.2019;17:00;18.02.2019 17:00;590
18.02.2019;18:00;18.02.2019 18:00;490
18.02.2019;19:00;18.02.2019 19:00;670
18.02.2019;20:00;18.02.2019 20:00;610
18.02.2019;21:00;18.02.2019 21:00;750
18.02.2019;22:00;18.02.2019 22:00;610
18.02.2019;23:00;18.02.2019 23:00;700
19.02.2019;00:00;19.02.2019 00:00;620
19.02.2019;01:00;19.02.2019 01:00;700
19.02.2019;02:00;19.02.2019 02:00;650
19.02.2019;03:00;19.02.2019 03:00;720
19.02.2019;04:00;19.02.2019 04:00;670
19.02.2019;05:00;19.02.2019 05:00;790
19.02.2019;06:00;19.02.2019 06:00;800
19.02.2019;07:00;19.02.2019 07:00;920
19.02.2019;08:00;19.02.2019 08:00;1000
19.02.2019;09:00;19.02.2019 09:00;980
19.02.2019;10:00;19.02.2019 10:00;970
19.02.2019;11:00;19.02.2019 11:00;890
19.02.2019;12:00;19.02.2019 12:00;770
19.02.2019;13:00;19.02.2019 13:00;800
19.02.2019;14:00;19.02.2019 14:00;800
19.02.2019;15:00;19.02.2019 15:00;710
19.02.2019;16:00;19.02.2019 16:00;800
19.02.2019;17:00;19.02.2019 17:00;730
19.02.2019;18:00;19.02.2019 18:00;780
19.02.2019;19:00;19.02.2019 19:00;760
19.02.2019;20:00;19.02.2019 20:00;850
19.02.2019;21:00;19.02.2019 21:00;830
19.02.2019;22:00;19.02.2019 22:00;810
19.02.2019;23:00;19.02.2019 23:00;820
20.02.2019;00:00;20.02.2019 00:00;690
20.02.2019;01:00;20.02.2019 01:00;840
20.02.2019;02:00;20.02.2019 02:00;750
20.02.2019;03:00;20.02.2019 03:00;830
20.02.2019;04:00;20.02.2019 04:00;760
20.02.2019;05:00;20.02.2019 05:00;850
20.02.2019;06:00;20.02.2019 06:00;860
20.02.2019;07:00;20.02.2019 07:00;990
20.02.2019;08:00;20.02.2019 08:00;1100
20.02.2019;09:00;20.02.2019 09:00;1060
20.02.2019;10:00;20.02.2019 10:00;970
20.02.2019;11:00;20.02.2019 11:00;840
20.02.2019;12:00;20.02.2019 12:00;860
20.02.2019;13:00;20.02.2019 13:00;760
20.02.2019;14:00;20.02.2019 14:00;740
20.02.2019;15:00;20.02.2019 15:00;760
20.02.2019;16:00;20.02.2019 16:00;690
20.02.2019;17:00;20.02.2019 17:00;770
20.02.2019;18:00;20.02.2019 18:00;740
20.02.2019;19:00;20.02.2019 19:00;800
20.02.2019;20:00;20.02.2019 20:00;840
20.02.2019;21:00;20.02.2019 21:00;840
20.02.2019;22:00;20.02.2019 22:00;820
20.02.2019;23:00;20.02.2019 23:00;760
21.02.2019;00:00;21.02.2019 00:00;750
21.02.2019;01:00;21.02.2019 01:00;760
21.02.2019;02:00;21.02.2019 02:00;790
21.02.2019;03:00;21.02.2019 03:00;790
21.02.2019;04:00;21.02.2019 04:00;820
21.02.2019;05:00;21.02.2019 05:00;780
21.02.2019;06:00;21.02.2019 06:00;920
21.02.2019;07:00;21.02.2019 07:00;940
21.02.2019;08:00;21.02.2019 08:00;1050
21.02.2019;09:00;21.02.2019 09:00;1000
21.02.2019;10:00;21.02.2019 10:00;900
21.02.2019;11:00;21.02.2019 11:00;820
21.02.2019;12:00;21.02.2019 12:00;800
21.02.2019;13:00;21.02.2019 13:00;710
21.02.2019;14:00;21.02.2019 14:00;720
21.02.2019;15:00;21.02.2019 15:00;710
21.02.2019;16:00;21.02.2019 16:00;700
21.02.2019;17:00;21.02.2019 17:00;690
21.02.2019;18:00;21.02.2019 18:00;740
21.02.2019;19:00;21.02.2019 19:00;780
21.02.2019;20:00;21.02.2019 20:00;710
21.02.2019;21:00;21.02.2019 21:00;830
21.02.2019;22:00;21.02.2019 22:00;720
21.02.2019;23:00;21.02.2019 23:00;800
22.02.2019;00:00;22.02.2019 00:00;620
22.02.2019;01:00;22.02.2019 01:00;750
22.02.2019;02:00;22.02.2019 02:00;660
22.02.2019;03:00;22.02.2019 03:00;750
22.02.2019;04:00;22.02.2019 04:00;680
22.02.2019;05:00;22.02.2019 05:00;760
22.02.2019;06:00;22.02.2019 06:00;760
22.02.2019;07:00;22.02.2019 07:00;870
22.02.2019;08:00;22.02.2019 08:00;920
22.02.2019;09:00;22.02.2019 09:00;910
22.02.2019;10:00;22.02.2019 10:00;850
22.02.2019;11:00;22.02.2019 11:00;780
22.02.2019;12:00;22.02.2019 12:00;720
22.02.2019;13:00;22.02.2019 13:00;700
22.02.2019;14:00;22.02.2019 14:00;720
22.02.2019;15:00;22.02.2019 15:00;630
22.02.2019;16:00;22.02.2019 16:00;710
22.02.2019;17:00;22.02.2019 17:00;660
22.02.2019;18:00;22.02.2019 18:00;730
22.02.2019;19:00;22.02.2019 19:00;740
22.02.2019;20:00;22.02.2019 20:00;780
22.02.2019;21:00;22.02.2019 21:00;790
22.02.2019;22:00;22.02.2019 22:00;830
22.02.2019;23:00;22.02.2019 23:00;730
23.02.2019;00:00;23.02.2019 00:00;780
23.02.2019;01:00;23.02.2019 01:00;770
23.02.2019;02:00;23.02.2019 02:00;850
23.02.2019;03:00;23.02.2019 03:00;830
23.02.2019;04:00;23.02.2019 04:00;830
23.02.2019;05:00;23.02.2019 05:00;900
23.02.2019;06:00;23.02.2019 06:00;970
23.02.2019;07:00;23.02.2019 07:00;1060
23.02.2019;08:00;23.02.2019 08:00;1130
23.02.2019;09:00;23.02.2019 09:00;1120
23.02.2019;10:00;23.02.2019 10:00;1010
23.02.2019;11:00;23.02.2019 11:00;940
23.02.2019;12:00;23.02.2019 12:00;790
23.02.2019;13:00;23.02.2019 13:00;790
23.02.2019;14:00;23.02.2019 14:00;690
23.02.2019;15:00;23.02.2019 15:00;720
23.02.2019;16:00;23.02.2019 16:00;620
23.02.2019;17:00;23.02.2019 17:00;690
23.02.2019;18:00;23.02.2019 18:00;750
23.02.2019;19:00;23.02.2019 19:00;780
23.02.2019;20:00;23.02.2019 20:00;870
23.02.2019;21:00;23.02.2019 21:00;920
23.02.2019;22:00;23.02.2019 22:00;830
23.02.2019;23:00;23.02.2019 23:00;870
24.02.2019;00:00;24.02.2019 00:00;740
24.02.2019;01:00;24.02.2019 01:00;880
24.02.2019;02:00;24.02.2019 02:00;770
24.02.2019;03:00;24.02.2019 03:00;900
24.02.2019;04:00;24.02.2019 04:00;820
24.02.2019;05:00;24.02.2019 05:00;910
24.02.2019;06:00;24.02.2019 06:00;1050
24.02.2019;07:00;24.02.2019 07:00;950
24.02.2019;08:00;24.02.2019 08:00;1160
24.02.2019;09:00;24.02.2019 09:00;1130
24.02.2019;10:00;24.02.2019 10:00;890
24.02.2019;11:00;24.02.2019 11:00;870
24.02.2019;12:00;24.02.2019 12:00;680
24.02.2019;13:00;24.02.2019 13:00;680
24.02.2019;14:00;24.02.2019 14:00;590
24.02.2019;15:00;24.02.2019 15:00;580
24.02.2019;16:00;24.02.2019 16:00;530
24.02.2019;17:00;24.02.2019 17:00;550
24.02.2019;18:00;24.02.2019 18:00;580
24.02.2019;19:00;24.02.2019 19:00;720
24.02.2019;20:00;24.02.2019 20:00;700
24.02.2019;21:00;24.02.2019 21:00;790
24.02.2019;22:00;24.02.2019 22:00;780
24.02.2019;23:00;24.02.2019 23:00;770
25.02.2019;00:00;25.02.2019 00:00;740
25.02.2019;01:00;25.02.2019 01:00;790
25.02.2019;02:00;25.02.2019 02:00;810
25.02.2019;03:00;25.02.2019 03:00;830
25.02.2019;04:00;25.02.2019 04:00;840
25.02.2019;05:00;25.02.2019 05:00;880
25.02.2019;06:00;25.02.2019 06:00;940
25.02.2019;07:00;25.02.2019 07:00;1020
25.02.2019;08:00;25.02.2019 08:00;1150
25.02.2019;09:00;25.02.2019 09:00;1080
25.02.2019;10:00;25.02.2019 10:00;860
25.02.2019;11:00;25.02.2019 11:00;740
25.02.2019;12:00;25.02.2019 12:00;590
25.02.2019;13:00;25.02.2019 13:00;550
25.02.2019;14:00;25.02.2019 14:00;520
25.02.2019;15:00;25.02.2019 15:00;480
25.02.2019;16:00;25.02.2019 16:00;500
25.02.2019;17:00;25.02.2019 17:00;450
25.02.2019;18:00;25.02.2019 18:00;600
25.02.2019;19:00;25.02.2019 19:00;620
25.02.2019;20:00;25.02.2019 20:00;670
25.02.2019;21:00;25.02.2019 21:00;760
25.02.2019;22:00;25.02.2019 22:00;680
25.02.2019;23:00;25.02.2019 23:00;780
26.02.2019;00:00;26.02.2019 00:00;670
26.02.2019;01:00;26.02.2019 01:00;810
26.02.2019;02:00;26.02.2019 02:00;690
26.02.2019;03:00;26.02.2019 03:00;840
26.02.2019;04:00;26.02.2019 04:00;730
26.02.2019;05:00;26.02.2019 05:00;870
26.02.2019;06:00;26.02.2019 06:00;900
26.02.2019;07:00;26.02.2019 07:00;990
26.02.2019;08:00;26.02.2019 08:00;1080
26.02.2019;09:00;26.02.2019 09:00;1020
26.02.2019;10:00;26.02.2019 10:00;860
26.02.2019;11:00;26.02.2019 11:00;660
26.02.2019;12:00;26.02.2019 12:00;540
26.02.2019;13:00;26.02.2019 13:00;500
26.02.2019;14:00;26.02.2019 14:00;470
26.02.2019;15:00;26.02.2019 15:00;480
26.02.2019;16:00;26.02.2019 16:00;460
26.02.2019;17:00;26.02.2019 17:00;420
26.02.2019;18:00;26.02.2019 18:00;540
26.02.2019;19:00;26.02.2019 19:00;520
26.02.2019;20:00;26.02.2019 20:00;680
26.02.2019;21:00;26.02.2019 21:00;690
26.02.2019;22:00;26.02.2019 22:00;660
26.02.2019;23:00;26.02.2019 23:00;690
27.02.2019;00:00;27.02.2019 00:00;590
27.02.2019;01:00;27.02.2019 01:00;750
27.02.2019;02:00;27.02.2019 02:00;690
27.02.2019;03:00;27.02.2019 03:00;780
27.02.2019;04:00;27.02.2019 04:00;710
27.02.2019;05:00;27.02.2019 05:00;830
27.02.2019;06:00;27.02.2019 06:00;890
27.02.2019;07:00;27.02.2019 07:00;940
27.02.2019;08:00;27.02.2019 08:00;1040
27.02.2019;09:00;27.02.2019 09:00;950
27.02.2019;10:00;27.02.2019 10:00;700
27.02.2019;11:00;27.02.2019 11:00;620
27.02.2019;12:00;27.02.2019 12:00;470
27.02.2019;13:00;27.02.2019 13:00;420
27.02.2019;14:00;27.02.2019 14:00;450
27.02.2019;15:00;27.02.2019 15:00;390
27.02.2019;16:00;27.02.2019 16:00;420
27.02.2019;17:00;27.02.2019 17:00;380
27.02.2019;18:00;27.02.2019 18:00;460
27.02.2019;19:00;27.02.2019 19:00;470
27.02.2019;20:00;27.02.2019 20:00;610
27.02.2019;21:00;27.02.2019 21:00;530
27.02.2019;22:00;27.02.2019 22:00;550
27.02.2019;23:00;27.02.2019 23:00;580
28.02.2019;00:00;28.02.2019 00:00;500
28.02.2019;01:00;28.02.2019 01:00;600
28.02.2019;02:00;28.02.2019 02:00;530
28.02.2019;03:00;28.02.2019 03:00;650
28.02.2019;04:00;28.02.2019 04:00;580
28.02.2019;05:00;28.02.2019 05:00;700
28.02.2019;06:00;28.02.2019 06:00;740
28.02.2019;07:00;28.02.2019 07:00;870
28.02.2019;08:00;28.02.2019 08:00;930
28.02.2019;09:00;28.02.2019 09:00;900
28.02.2019;10:00;28.02.2019 10:00;820
28.02.2019;11:00;28.02.2019 11:00;700
28.02.2019;12:00;28.02.2019 12:00;600
28.02.2019;13:00;28.02.2019 13:00;570
28.02.2019;14:00;28.02.2019 14:00;560
28.02.2019;15:00;28.02.2019 15:00;530
28.02.2019;16:00;28.02.2019 16:00;550
28.02.2019;17:00;28.02.2019 17:00;670
28.02.2019;18:00;28.02.2019 18:00;650
28.02.2019;19:00;28.02.2019 19:00;640
28.02.2019;20:00;28.02.2019 20:00;660
28.02.2019;21:00;28.02.2019 21:00;610
28.02.2019;22:00;28.02.2019 22:00;700
28.02.2019;23:00;28.02.2019 23:00;610
01.03.2019;00:00;01.03.2019 00:00;620
01.03.2019;01:00;01.03.2019 01:00;540
01.03.2019;02:00;01.03.2019 02:00;670
01.03.2019;03:00;01.03.2019 03:00;560
01.03.2019;04:00;01.03.2019 04:00;660
01.03.2019;05:00;01.03.2019 05:00;590
01.03.2019;06:00;01.03.2019 06:00;760
01.03.2019;07:00;01.03.2019 07:00;700
01.03.2019;08:00;01.03.2019 08:00;840
01.03.2019;09:00;01.03.2019 09:00;860
01.03.2019;10:00;01.03.2019 10:00;810
01.03.2019;11:00;01.03.2019 11:00;800
01.03.2019;12:00;01.03.2019 12:00;870
01.03.2019;13:00;01.03.2019 13:00;790
01.03.2019;14:00;01.03.2019 14:00;900
01.03.2019;15:00;01.03.2019 15:00;850
01.03.2019;16:00;01.03.2019 16:00;930
01.03.2019;17:00;01.03.2019 17:00;820
01.03.2019;18:00;01.03.2019 18:00;960
01.03.2019;19:00;01.03.2019 19:00;870
01.03.2019;20:00;01.03.2019 20:00;970
01.03.2019;21:00;01.03.2019 21:00;880
01.03.2019;22:00;01.03.2019 22:00;890
01.03.2019;23:00;01.03.2019 23:00;850
02.03.2019;00:00;02.03.2019 00:00;730
02.03.2019;01:00;02.03.2019 01:00;770
02.03.2019;02:00;02.03.2019 02:00;720
02.03.2019;03:00;02.03.2019 03:00;820
02.03.2019;04:00;02.03.2019 04:00;760
02.03.2019;05:00;02.03.2019 05:00;780
02.03.2019;06:00;02.03.2019 06:00;910
02.03.2019;07:00;02.03.2019 07:00;860
02.03.2019;08:00;02.03.2019 08:00;980
02.03.2019;09:00;02.03.2019 09:00;960
02.03.2019;10:00;02.03.2019 10:00;880
02.03.2019;11:00;02.03.2019 11:00;910
02.03.2019;12:00;02.03.2019 12:00;870
02.03.2019;13:00;02.03.2019 13:00;710
02.03.2019;14:00;02.03.2019 14:00;720
02.03.2019;15:00;02.03.2019 15:00;640
02.03.2019;16:00;02.03.2019 16:00;720
02.03.2019;17:00;02.03.2019 17:00;700
02.03.2019;18:00;02.03.2019 18:00;790
02.03.2019;19:00;02.03.2019 19:00;780
02.03.2019;20:00;02.03.2019 20:00;770
02.03.2019;21:00;02.03.2019 21:00;810
02.03.2019;22:00;02.03.2019 22:00;680
02.03.2019;23:00;02.03.2019 23:00;750
03.03.2019;00:00;03.03.2019 00:00;610
03.03.2019;01:00;03.03.2019 01:00;690
03.03.2019;02:00;03.03.2019 02:00;690
03.03.2019;03:00;03.03.2019 03:00;650
03.03.2019;04:00;03.03.2019 04:00;710
03.03.2019;05:00;03.03.2019 05:00;670
03.03.2019;06:00;03.03.2019 06:00;770
03.03.2019;07:00;03.03.2019 07:00;800
03.03.2019;08:00;03.03.2019 08:00;830
03.03.2019;09:00;03.03.2019 09:00;840
03.03.2019;10:00;03.03.2019 10:00;810
03.03.2019;11:00;03.03.2019 11:00;790
03.03.2019;12:00;03.03.2019 12:00;760
03.03.2019;13:00;03.03.2019 13:00;740
03.03.2019;14:00;03.03.2019 14:00;720
03.03.2019;15:00;03.03.2019 15:00;740
03.03.2019;16:00;03.03.2019 16:00;740
03.03.2019;17:00;03.03.2019 17:00;690
03.03.2019;18:00;03.03.2019 18:00;690
03.03.2019;19:00;03.03.2019 19:00;710
03.03.2019;20:00;03.03.2019 20:00;710
03.03.2019;21:00;03.03.2019 21:00;690
03.03.2019;22:00;03.03.2019 22:00;690
03.03.2019;23:00;03.03.2019 23:00;660
04.03.2019;00:00;04.03.2019 00:00;600
04.03.2019;01:00;04.03.2019 01:00;610
04.03.2019;02:00;04.03.2019 02:00;620
04.03.2019;03:00;04.03.2019 03:00;610
04.03.2019;04:00;04.03.2019 04:00;650
04.03.2019;05:00;04.03.2019 05:00;600
04.03.2019;06:00;04.03.2019 06:00;700
04.03.2019;07:00;04.03.2019 07:00;600
04.03.2019;08:00;04.03.2019 08:00;910
04.03.2019;09:00;04.03.2019 09:00;960
04.03.2019;10:00;04.03.2019 10:00;830
04.03.2019;11:00;04.03.2019 11:00;800
04.03.2019;12:00;04.03.2019 12:00;810
04.03.2019;13:00;04.03.2019 13:00;890
04.03.2019;14:00;04.03.2019 14:00;910
04.03.2019;15:00;04.03.2019 15:00;840
04.03.2019;16:00;04.03.2019 16:00;870
04.03.2019;17:00;04.03.2019 17:00;850
04.03.2019;18:00;04.03.2019 18:00;810
04.03.2019;19:00;04.03.2019 19:00;870
04.03.2019;20:00;04.03.2019 20:00;700
04.03.2019;21:00;04.03.2019 21:00;1000
04.03.2019;22:00;04.03.2019 22:00;910
04.03.2019;23:00;04.03.2019 23:00;840
05.03.2019;00:00;05.03.2019 00:00;900
05.03.2019;01:00;05.03.2019 01:00;800
05.03.2019;02:00;05.03.2019 02:00;910
05.03.2019;03:00;05.03.2019 03:00;780
05.03.2019;04:00;05.03.2019 04:00;910
05.03.2019;05:00;05.03.2019 05:00;820
05.03.2019;06:00;05.03.2019 06:00;1070
05.03.2019;07:00;05.03.2019 07:00;900
05.03.2019;08:00;05.03.2019 08:00;1120
05.03.2019;09:00;05.03.2019 09:00;1090
05.03.2019;10:00;05.03.2019 10:00;1060
05.03.2019;11:00;05.03.2019 11:00;1010
05.03.2019;12:00;05.03.2019 12:00;990
05.03.2019;13:00;05.03.2019 13:00;780
05.03.2019;14:00;05.03.2019 14:00;870
05.03.2019;15:00;05.03.2019 15:00;720
05.03.2019;16:00;05.03.2019 16:00;790
05.03.2019;17:00;05.03.2019 17:00;730
05.03.2019;18:00;05.03.2019 18:00;770
05.03.2019;19:00;05.03.2019 19:00;830
05.03.2019;20:00;05.03.2019 20:00;840
05.03.2019;21:00;05.03.2019 21:00;840
05.03.2019;22:00;05.03.2019 22:00;900
05.03.2019;23:00;05.03.2019 23:00;830
06.03.2019;00:00;06.03.2019 00:00;760
06.03.2019;01:00;06.03.2019 01:00;790
06.03.2019;02:00;06.03.2019 02:00;770
06.03.2019;03:00;06.03.2019 03:00;770
06.03.2019;04:00;06.03.2019 04:00;800
06.03.2019;05:00;06.03.2019 05:00;750
06.03.2019;06:00;06.03.2019 06:00;880
06.03.2019;07:00;06.03.2019 07:00;830
06.03.2019;08:00;06.03.2019 08:00;990
06.03.2019;09:00;06.03.2019 09:00;940
06.03.2019;10:00;06.03.2019 10:00;830
06.03.2019;11:00;06.03.2019 11:00;700
06.03.2019;12:00;06.03.2019 12:00;690
06.03.2019;13:00;06.03.2019 13:00;640
06.03.2019;14:00;06.03.2019 14:00;580
06.03.2019;15:00;06.03.2019 15:00;630
06.03.2019;16:00;06.03.2019 16:00;670
06.03.2019;17:00;06.03.2019 17:00;680
06.03.2019;18:00;06.03.2019 18:00;730
06.03.2019;19:00;06.03.2019 19:00;710
06.03.2019;20:00;06.03.2019 20:00;760
06.03.2019;21:00;06.03.2019 21:00;740
06.03.2019;22:00;06.03.2019 22:00;700
06.03.2019;23:00;06.03.2019 23:00;720
07.03.2019;00:00;07.03.2019 00:00;580
07.03.2019;01:00;07.03.2019 01:00;690
07.03.2019;02:00;07.03.2019 02:00;600
07.03.2019;03:00;07.03.2019 03:00;700
07.03.2019;04:00;07.03.2019 04:00;580
07.03.2019;05:00;07.03.2019 05:00;710
07.03.2019;06:00;07.03.2019 06:00;690
07.03.2019;07:00;07.03.2019 07:00;730
07.03.2019;08:00;07.03.2019 08:00;820
07.03.2019;09:00;07.03.2019 09:00;940
07.03.2019;10:00;07.03.2019 10:00;910
07.03.2019;11:00;07.03.2019 11:00;840
07.03.2019;12:00;07.03.2019 12:00;820
07.03.2019;13:00;07.03.2019 13:00;700
07.03.2019;14:00;07.03.2019 14:00;740
07.03.2019;15:00;07.03.2019 15:00;750
07.03.2019;16:00;07.03.2019 16:00;690
07.03.2019;17:00;07.03.2019 17:00;520
07.03.2019;18:00;07.03.2019 18:00;820
07.03.2019;19:00;07.03.2019 19:00;830
07.03.2019;20:00;07.03.2019 20:00;870
07.03.2019;21:00;07.03.2019 21:00;850
07.03.2019;22:00;07.03.2019 22:00;820
07.03.2019;23:00;07.03.2019 23:00;830
08.03.2019;00:00;08.03.2019 00:00;720
08.03.2019;01:00;08.03.2019 01:00;730
08.03.2019;02:00;08.03.2019 02:00;810
08.03.2019;03:00;08.03.2019 03:00;750
08.03.2019;04:00;08.03.2019 04:00;830
08.03.2019;05:00;08.03.2019 05:00;820
08.03.2019;06:00;08.03.2019 06:00;930
08.03.2019;07:00;08.03.2019 07:00;980
08.03.2019;08:00;08.03.2019 08:00;1030
08.03.2019;09:00;08.03.2019 09:00;1030
08.03.2019;10:00;08.03.2019 10:00;900
08.03.2019;11:00;08.03.2019 11:00;950
08.03.2019;12:00;08.03.2019 12:00;800
08.03.2019;13:00;08.03.2019 13:00;890
08.03.2019;14:00;08.03.2019 14:00;720
08.03.2019;15:00;08.03.2019 15:00;760
08.03.2019;16:00;08.03.2019 16:00;780
08.03.2019;17:00;08.03.2019 17:00;720
08.03.2019;18:00;08.03.2019 18:00;830
08.03.2019;19:00;08.03.2019 19:00;740
08.03.2019;20:00;08.03.2019 20:00;840
08.03.2019;21:00;08.03.2019 21:00;820
08.03.2019;22:00;08.03.2019 22:00;790
08.03.2019;23:00;08.03.2019 23:00;770
09.03.2019;00:00;09.03.2019 00:00;710
09.03.2019;01:00;09.03.2019 01:00;720
09.03.2019;02:00;09.03.2019 02:00;710
09.03.2019;03:00;09.03.2019 03:00;810
09.03.2019;04:00;09.03.2019 04:00;740
09.03.2019;05:00;09.03.2019 05:00;800
09.03.2019;06:00;09.03.2019 06:00;840
09.03.2019;07:00;09.03.2019 07:00;840
09.03.2019;08:00;09.03.2019 08:00;930
09.03.2019;09:00;09.03.2019 09:00;870
09.03.2019;10:00;09.03.2019 10:00;830
09.03.2019;11:00;09.03.2019 11:00;780
09.03.2019;12:00;09.03.2019 12:00;760
09.03.2019;13:00;09.03.2019 13:00;780
09.03.2019;14:00;09.03.2019 14:00;680
09.03.2019;15:00;09.03.2019 15:00;730
09.03.2019;16:00;09.03.2019 16:00;960
09.03.2019;17:00;09.03.2019 17:00;820
09.03.2019;18:00;09.03.2019 18:00;1010
09.03.2019;19:00;09.03.2019 19:00;880
09.03.2019;20:00;09.03.2019 20:00;880
09.03.2019;21:00;09.03.2019 21:00;920
09.03.2019;22:00;09.03.2019 22:00;790
09.03.2019;23:00;09.03.2019 23:00;820
10.03.2019;00:00;10.03.2019 00:00;780
10.03.2019;01:00;10.03.2019 01:00;740
10.03.2019;02:00;10.03.2019 02:00;760
10.03.2019;03:00;10.03.2019 03:00;730
10.03.2019;04:00;10.03.2019 04:00;750
10.03.2019;05:00;10.03.2019 05:00;760
10.03.2019;06:00;10.03.2019 06:00;900
10.03.2019;07:00;10.03.2019 07:00;850
10.03.2019;08:00;10.03.2019 08:00;1010
10.03.2019;09:00;10.03.2019 09:00;970
10.03.2019;10:00;10.03.2019 10:00;950
10.03.2019;11:00;10.03.2019 11:00;930
10.03.2019;12:00;10.03.2019 12:00;800
10.03.2019;13:00;10.03.2019 13:00;620
10.03.2019;14:00;10.03.2019 14:00;790
10.03.2019;15:00;10.03.2019 15:00;820
10.03.2019;16:00;10.03.2019 16:00;800
10.03.2019;17:00;10.03.2019 17:00;830
10.03.2019;18:00;10.03.2019 18:00;850
10.03.2019;19:00;10.03.2019 19:00;820
10.03.2019;20:00;10.03.2019 20:00;890
10.03.2019;21:00;10.03.2019 21:00;790
10.03.2019;22:00;10.03.2019 22:00;880
10.03.2019;23:00;10.03.2019 23:00;770
11.03.2019;00:00;11.03.2019 00:00;790
11.03.2019;01:00;11.03.2019 01:00;730
11.03.2019;02:00;11.03.2019 02:00;810
11.03.2019;03:00;11.03.2019 03:00;700
11.03.2019;04:00;11.03.2019 04:00;840
11.03.2019;05:00;11.03.2019 05:00;760
11.03.2019;06:00;11.03.2019 06:00;1000
11.03.2019;07:00;11.03.2019 07:00;810
11.03.2019;08:00;11.03.2019 08:00;1140
11.03.2019;09:00;11.03.2019 09:00;1230
11.03.2019;10:00;11.03.2019 10:00;1150
11.03.2019;11:00;11.03.2019 11:00;1150
11.03.2019;12:00;11.03.2019 12:00;1100
11.03.2019;13:00;11.03.2019 13:00;1110
11.03.2019;14:00;11.03.2019 14:00;1150
11.03.2019;15:00;11.03.2019 15:00;1000
11.03.2019;16:00;11.03.2019 16:00;1000
11.03.2019;17:00;11.03.2019 17:00;1060
11.03.2019;18:00;11.03.2019 18:00;1150
11.03.2019;19:00;11.03.2019 19:00;1040
11.03.2019;20:00;11.03.2019 20:00;1150
11.03.2019;21:00;11.03.2019 21:00;1120
11.03.2019;22:00;11.03.2019 22:00;990
11.03.2019;23:00;11.03.2019 23:00;1110
12.03.2019;00:00;12.03.2019 00:00;860
12.03.2019;01:00;12.03.2019 01:00;1050
12.03.2019;02:00;12.03.2019 02:00;930
12.03.2019;03:00;12.03.2019 03:00;1100
12.03.2019;04:00;12.03.2019 04:00;940
12.03.2019;05:00;12.03.2019 05:00;1100
12.03.2019;06:00;12.03.2019 06:00;1090
12.03.2019;07:00;12.03.2019 07:00;1120
12.03.2019;08:00;12.03.2019 08:00;1230
12.03.2019;09:00;12.03.2019 09:00;1170
12.03.2019;10:00;12.03.2019 10:00;1100
12.03.2019;11:00;12.03.2019 11:00;970
12.03.2019;12:00;12.03.2019 12:00;930
12.03.2019;13:00;12.03.2019 13:00;920
12.03.2019;14:00;12.03.2019 14:00;900
12.03.2019;15:00;12.03.2019 15:00;850
12.03.2019;16:00;12.03.2019 16:00;850
12.03.2019;17:00;12.03.2019 17:00;910
12.03.2019;18:00;12.03.2019 18:00;860
12.03.2019;19:00;12.03.2019 19:00;900
12.03.2019;20:00;12.03.2019 20:00;890
12.03.2019;21:00;12.03.2019 21:00;880
12.03.2019;22:00;12.03.2019 22:00;910
12.03.2019;23:00;12.03.2019 23:00;910
13.03.2019;00:00;13.03.2019 00:00;900
13.03.2019;01:00;13.03.2019 01:00;920
13.03.2019;02:00;13.03.2019 02:00;840
13.03.2019;03:00;13.03.2019 03:00;880
13.03.2019;04:00;13.03.2019 04:00;890
13.03.2019;05:00;13.03.2019 05:00;840
13.03.2019;06:00;13.03.2019 06:00;1010
13.03.2019;07:00;13.03.2019 07:00;870
13.03.2019;08:00;13.03.2019 08:00;1080
13.03.2019;09:00;13.03.2019 09:00;1120
13.03.2019;10:00;13.03.2019 10:00;1090
13.03.2019;11:00;13.03.2019 11:00;1050
13.03.2019;12:00;13.03.2019 12:00;1090
13.03.2019;13:00;13.03.2019 13:00;1050
13.03.2019;14:00;13.03.2019 14:00;960
13.03.2019;15:00;13.03.2019 15:00;1040
13.03.2019;16:00;13.03.2019 16:00;1070
13.03.2019;17:00;13.03.2019 17:00;1050
13.03.2019;18:00;13.03.2019 18:00;1000
13.03.2019;19:00;13.03.2019 19:00;1040
13.03.2019;20:00;13.03.2019 20:00;1070
13.03.2019;21:00;13.03.2019 21:00;1050
13.03.2019;22:00;13.03.2019 22:00;980
13.03.2019;23:00;13.03.2019 23:00;970
14.03.2019;00:00;14.03.2019 00:00;930
14.03.2019;01:00;14.03.2019 01:00;890
14.03.2019;02:00;14.03.2019 02:00;900
14.03.2019;03:00;14.03.2019 03:00;900
14.03.2019;04:00;14.03.2019 04:00;940
14.03.2019;05:00;14.03.2019 05:00;900
14.03.2019;06:00;14.03.2019 06:00;1030
14.03.2019;07:00;14.03.2019 07:00;1050
14.03.2019;08:00;14.03.2019 08:00;1120
14.03.2019;09:00;14.03.2019 09:00;1140
14.03.2019;10:00;14.03.2019 10:00;1110
14.03.2019;11:00;14.03.2019 11:00;1100
14.03.2019;12:00;14.03.2019 12:00;1090
14.03.2019;13:00;14.03.2019 13:00;1070
14.03.2019;14:00;14.03.2019 14:00;1050
14.03.2019;15:00;14.03.2019 15:00;1000
14.03.2019;16:00;14.03.2019 16:00;960
14.03.2019;17:00;14.03.2019 17:00;950
14.03.2019;18:00;14.03.2019 18:00;890
14.03.2019;19:00;14.03.2019 19:00;1030
14.03.2019;20:00;14.03.2019 20:00;1040
14.03.2019;21:00;14.03.2019 21:00;1010
14.03.2019;22:00;14.03.2019 22:00;930
14.03.2019;23:00;14.03.2019 23:00;980
15.03.2019;00:00;15.03.2019 00:00;770
15.03.2019;01:00;15.03.2019 01:00;900
15.03.2019;02:00;15.03.2019 02:00;800
15.03.2019;03:00;15.03.2019 03:00;910
15.03.2019;04:00;15.03.2019 04:00;890
15.03.2019;05:00;15.03.2019 05:00;860
15.03.2019;06:00;15.03.2019 06:00;1000
15.03.2019;07:00;15.03.2019 07:00;970
15.03.2019;08:00;15.03.2019 08:00;1090
15.03.2019;09:00;15.03.2019 09:00;1080
15.03.2019;10:00;15.03.2019 10:00;1020
15.03.2019;11:00;15.03.2019 11:00;980
15.03.2019;12:00;15.03.2019 12:00;940
15.03.2019;13:00;15.03.2019 13:00;840
15.03.2019;14:00;15.03.2019 14:00;770
15.03.2019;15:00;15.03.2019 15:00;790
15.03.2019;16:00;15.03.2019 16:00;780
15.03.2019;17:00;15.03.2019 17:00;730
15.03.2019;18:00;15.03.2019 18:00;870
15.03.2019;19:00;15.03.2019 19:00;850
15.03.2019;20:00;15.03.2019 20:00;930
15.03.2019;21:00;15.03.2019 21:00;930
15.03.2019;22:00;15.03.2019 22:00;820
15.03.2019;23:00;15.03.2019 23:00;880
16.03.2019;00:00;16.03.2019 00:00;750
16.03.2019;01:00;16.03.2019 01:00;790
16.03.2019;02:00;16.03.2019 02:00;780
16.03.2019;03:00;16.03.2019 03:00;740
16.03.2019;04:00;16.03.2019 04:00;830
16.03.2019;05:00;16.03.2019 05:00;820
16.03.2019;06:00;16.03.2019 06:00;910
16.03.2019;07:00;16.03.2019 07:00;940
16.03.2019;08:00;16.03.2019 08:00;980
16.03.2019;09:00;16.03.2019 09:00;980
16.03.2019;10:00;16.03.2019 10:00;890
16.03.2019;11:00;16.03.2019 11:00;860
16.03.2019;12:00;16.03.2019 12:00;800
16.03.2019;13:00;16.03.2019 13:00;780
16.03.2019;14:00;16.03.2019 14:00;800
16.03.2019;15:00;16.03.2019 15:00;800
16.03.2019;16:00;16.03.2019 16:00;800
16.03.2019;17:00;16.03.2019 17:00;810
16.03.2019;18:00;16.03.2019 18:00;800
16.03.2019;19:00;16.03.2019 19:00;810
16.03.2019;20:00;16.03.2019 20:00;820
16.03.2019;21:00;16.03.2019 21:00;810
16.03.2019;22:00;16.03.2019 22:00;790
16.03.2019;23:00;16.03.2019 23:00;760
17.03.2019;00:00;17.03.2019 00:00;720
17.03.2019;01:00;17.03.2019 01:00;730
17.03.2019;02:00;17.03.2019 02:00;730
17.03.2019;03:00;17.03.2019 03:00;720
17.03.2019;04:00;17.03.2019 04:00;730
17.03.2019;05:00;17.03.2019 05:00;730
17.03.2019;06:00;17.03.2019 06:00;830
17.03.2019;07:00;17.03.2019 07:00;880
17.03.2019;08:00;17.03.2019 08:00;920
17.03.2019;09:00;17.03.2019 09:00;990
17.03.2019;10:00;17.03.2019 10:00;1050
17.03.2019;11:00;17.03.2019 11:00;920
17.03.2019;12:00;17.03.2019 12:00;1040
17.03.2019;13:00;17.03.2019 13:00;970
17.03.2019;14:00;17.03.2019 14:00;840
17.03.2019;15:00;17.03.2019 15:00;790
17.03.2019;16:00;17.03.2019 16:00;940
17.03.2019;17:00;17.03.2019 17:00;900
17.03.2019;18:00;17.03.2019 18:00;970
17.03.2019;19:00;17.03.2019 19:00;1030
17.03.2019;20:00;17.03.2019 20:00;1000
17.03.2019;21:00;17.03.2019 21:00;1040
17.03.2019;22:00;17.03.2019 22:00;1050
17.03.2019;23:00;17.03.2019 23:00;950
18.03.2019;00:00;18.03.2019 00:00;970
18.03.2019;01:00;18.03.2019 01:00;930
18.03.2019;02:00;18.03.2019 02:00;1070
18.03.2019;03:00;18.03.2019 03:00;970
18.03.2019;04:00;18.03.2019 04:00;1030
18.03.2019;05:00;18.03.2019 05:00;1010
18.03.2019;06:00;18.03.2019 06:00;1130
18.03.2019;07:00;18.03.2019 07:00;1150
18.03.2019;08:00;18.03.2019 08:00;1250
18.03.2019;09:00;18.03.2019 09:00;1170
18.03.2019;10:00;18.03.2019 10:00;1120
18.03.2019;11:00;18.03.2019 11:00;1080
18.03.2019;12:00;18.03.2019 12:00;1010
18.03.2019;13:00;18.03.2019 13:00;920
18.03.2019;14:00;18.03.2019 14:00;1000
18.03.2019;15:00;18.03.2019 15:00;920
18.03.2019;16:00;18.03.2019 16:00;870
18.03.2019;17:00;18.03.2019 17:00;930
18.03.2019;18:00;18.03.2019 18:00;980
18.03.2019;19:00;18.03.2019 19:00;990
18.03.2019;20:00;18.03.2019 20:00;1010
18.03.2019;21:00;18.03.2019 21:00;1000
18.03.2019;22:00;18.03.2019 22:00;990
18.03.2019;23:00;18.03.2019 23:00;950
19.03.2019;00:00;19.03.2019 00:00;890
19.03.2019;01:00;19.03.2019 01:00;980
19.03.2019;02:00;19.03.2019 02:00;950
19.03.2019;03:00;19.03.2019 03:00;1060
19.03.2019;04:00;19.03.2019 04:00;950
19.03.2019;05:00;19.03.2019 05:00;1120
19.03.2019;06:00;19.03.2019 06:00;1080
19.03.2019;07:00;19.03.2019 07:00;1250
19.03.2019;08:00;19.03.2019 08:00;1310
19.03.2019;09:00;19.03.2019 09:00;1240
19.03.2019;10:00;19.03.2019 10:00;1130
19.03.2019;11:00;19.03.2019 11:00;960
19.03.2019;12:00;19.03.2019 12:00;940
19.03.2019;13:00;19.03.2019 13:00;960
19.03.2019;14:00;19.03.2019 14:00;750
19.03.2019;15:00;19.03.2019 15:00;810
19.03.2019;16:00;19.03.2019 16:00;820
19.03.2019;17:00;19.03.2019 17:00;690
19.03.2019;18:00;19.03.2019 18:00;810
19.03.2019;19:00;19.03.2019 19:00;860
19.03.2019;20:00;19.03.2019 20:00;830
19.03.2019;21:00;19.03.2019 21:00;900
19.03.2019;22:00;19.03.2019 22:00;880
19.03.2019;23:00;19.03.2019 23:00;830
20.03.2019;00:00;20.03.2019 00:00;810
20.03.2019;01:00;20.03.2019 01:00;800
20.03.2019;02:00;20.03.2019 02:00;910
20.03.2019;03:00;20.03.2019 03:00;760
20.03.2019;04:00;20.03.2019 04:00;930
20.03.2019;05:00;20.03.2019 05:00;820
20.03.2019;06:00;20.03.2019 06:00;1000
20.03.2019;07:00;20.03.2019 07:00;1040
20.03.2019;08:00;20.03.2019 08:00;1100
20.03.2019;09:00;20.03.2019 09:00;1030
20.03.2019;10:00;20.03.2019 10:00;940
20.03.2019;11:00;20.03.2019 11:00;800
20.03.2019;12:00;20.03.2019 12:00;720
20.03.2019;13:00;20.03.2019 13:00;770
20.03.2019;14:00;20.03.2019 14:00;750
20.03.2019;15:00;20.03.2019 15:00;690
20.03.2019;16:00;20.03.2019 16:00;710
20.03.2019;17:00;20.03.2019 17:00;710
20.03.2019;18:00;20.03.2019 18:00;640
20.03.2019;19:00;20.03.2019 19:00;750
20.03.2019;20:00;20.03.2019 20:00;760
20.03.2019;21:00;20.03.2019 21:00;740
20.03.2019;22:00;20.03.2019 22:00;670
20.03.2019;23:00;20.03.2019 23:00;780
21.03.2019;00:00;21.03.2019 00:00;660
21.03.2019;01:00;21.03.2019 01:00;710
21.03.2019;02:00;21.03.2019 02:00;790
21.03.2019;03:00;21.03.2019 03:00;740
21.03.2019;04:00;21.03.2019 04:00;850
21.03.2019;05:00;21.03.2019 05:00;750
21.03.2019;06:00;21.03.2019 06:00;970
21.03.2019;07:00;21.03.2019 07:00;940
21.03.2019;08:00;21.03.2019 08:00;1050
21.03.2019;09:00;21.03.2019 09:00;910
21.03.2019;10:00;21.03.2019 10:00;760
21.03.2019;11:00;21.03.2019 11:00;650
21.03.2019;12:00;21.03.2019 12:00;620
21.03.2019;13:00;21.03.2019 13:00;540
21.03.2019;14:00;21.03.2019 14:00;540
21.03.2019;15:00;21.03.2019 15:00;450
21.03.2019;16:00;21.03.2019 16:00;510
21.03.2019;17:00;21.03.2019 17:00;520
21.03.2019;18:00;21.03.2019 18:00;520
21.03.2019;19:00;21.03.2019 19:00;450
21.03.2019;20:00;21.03.2019 20:00;670
21.03.2019;21:00;21.03.2019 21:00;630
21.03.2019;22:00;21.03.2019 22:00;650
21.03.2019;23:00;21.03.2019 23:00;690
22.03.2019;00:00;22.03.2019 00:00;540
22.03.2019;01:00;22.03.2019 01:00;710
22.03.2019;02:00;22.03.2019 02:00;650
22.03.2019;03:00;22.03.2019 03:00;720
22.03.2019;04:00;22.03.2019 04:00;750
22.03.2019;05:00;22.03.2019 05:00;710
22.03.2019;06:00;22.03.2019 06:00;890
22.03.2019;07:00;22.03.2019 07:00;950
22.03.2019;08:00;22.03.2019 08:00;950
22.03.2019;09:00;22.03.2019 09:00;870
22.03.2019;10:00;22.03.2019 10:00;690
22.03.2019;11:00;22.03.2019 11:00;570
22.03.2019;12:00;22.03.2019 12:00;420
22.03.2019;13:00;22.03.2019 13:00;400
22.03.2019;14:00;22.03.2019 14:00;380
22.03.2019;15:00;22.03.2019 15:00;290
22.03.2019;16:00;22.03.2019 16:00;380
22.03.2019;17:00;22.03.2019 17:00;340
22.03.2019;18:00;22.03.2019 18:00;290
22.03.2019;19:00;22.03.2019 19:00;430
22.03.2019;20:00;22.03.2019 20:00;420
22.03.2019;21:00;22.03.2019 21:00;560
22.03.2019;22:00;22.03.2019 22:00;450
22.03.2019;23:00;22.03.2019 23:00;500
23.03.2019;00:00;23.03.2019 00:00;480
23.03.2019;01:00;23.03.2019 01:00;500
23.03.2019;02:00;23.03.2019 02:00;580
23.03.2019;03:00;23.03.2019 03:00;560
23.03.2019;04:00;23.03.2019 04:00;690
23.03.2019;05:00;23.03.2019 05:00;710
23.03.2019;06:00;23.03.2019 06:00;860
23.03.2019;07:00;23.03.2019 07:00;790
23.03.2019;08:00;23.03.2019 08:00;890
23.03.2019;09:00;23.03.2019 09:00;870
23.03.2019;10:00;23.03.2019 10:00;810
23.03.2019;11:00;23.03.2019 11:00;770
23.03.2019;12:00;23.03.2019 12:00;730
23.03.2019;13:00;23.03.2019 13:00;630
23.03.2019;14:00;23.03.2019 14:00;580
23.03.2019;15:00;23.03.2019 15:00;590
23.03.2019;16:00;23.03.2019 16:00;610
23.03.2019;17:00;23.03.2019 17:00;630
23.03.2019;18:00;23.03.2019 18:00;650
23.03.2019;19:00;23.03.2019 19:00;670
23.03.2019;20:00;23.03.2019 20:00;710
23.03.2019;21:00;23.03.2019 21:00;710
23.03.2019;22:00;23.03.2019 22:00;700
23.03.2019;23:00;23.03.2019 23:00;680
24.03.2019;00:00;24.03.2019 00:00;630
24.03.2019;01:00;24.03.2019 01:00;670
24.03.2019;02:00;24.03.2019 02:00;710
24.03.2019;03:00;24.03.2019 03:00;710
24.03.2019;04:00;24.03.2019 04:00;750
24.03.2019;05:00;24.03.2019 05:00;800
24.03.2019;06:00;24.03.2019 06:00;830
24.03.2019;07:00;24.03.2019 07:00;890
24.03.2019;08:00;24.03.2019 08:00;990
24.03.2019;09:00;24.03.2019 09:00;940
24.03.2019;10:00;24.03.2019 10:00;830
24.03.2019;11:00;24.03.2019 11:00;780
24.03.2019;12:00;24.03.2019 12:00;720
24.03.2019;13:00;24.03.2019 13:00;640
24.03.2019;14:00;24.03.2019 14:00;640
24.03.2019;15:00;24.03.2019 15:00;670
24.03.2019;16:00;24.03.2019 16:00;670
24.03.2019;17:00;24.03.2019 17:00;640
24.03.2019;18:00;24.03.2019 18:00;630
24.03.2019;19:00;24.03.2019 19:00;720
24.03.2019;20:00;24.03.2019 20:00;780
24.03.2019;21:00;24.03.2019 21:00;820
24.03.2019;22:00;24.03.2019 22:00;830
24.03.2019;23:00;24.03.2019 23:00;860
25.03.2019;00:00;25.03.2019 00:00;760
25.03.2019;01:00;25.03.2019 01:00;820
25.03.2019;02:00;25.03.2019 02:00;810
25.03.2019;03:00;25.03.2019 03:00;840
25.03.2019;04:00;25.03.2019 04:00;840
25.03.2019;05:00;25.03.2019 05:00;790
25.03.2019;06:00;25.03.2019 06:00;1000
25.03.2019;07:00;25.03.2019 07:00;1060
25.03.2019;08:00;25.03.2019 08:00;1160
25.03.2019;09:00;25.03.2019 09:00;1110
25.03.2019;10:00;25.03.2019 10:00;1060
25.03.2019;11:00;25.03.2019 11:00;1050
25.03.2019;12:00;25.03.2019 12:00;940
25.03.2019;13:00;25.03.2019 13:00;800
25.03.2019;14:00;25.03.2019 14:00;920
25.03.2019;15:00;25.03.2019 15:00;940
25.03.2019;16:00;25.03.2019 16:00;860
25.03.2019;17:00;25.03.2019 17:00;1000
25.03.2019;18:00;25.03.2019 18:00;860
25.03.2019;19:00;25.03.2019 19:00;920
25.03.2019;20:00;25.03.2019 20:00;970
25.03.2019;21:00;25.03.2019 21:00;930
25.03.2019;22:00;25.03.2019 22:00;880
25.03.2019;23:00;25.03.2019 23:00;900
26.03.2019;00:00;26.03.2019 00:00;860
26.03.2019;01:00;26.03.2019 01:00;790
26.03.2019;02:00;26.03.2019 02:00;910
26.03.2019;03:00;26.03.2019 03:00;810
26.03.2019;04:00;26.03.2019 04:00;940
26.03.2019;05:00;26.03.2019 05:00;820
26.03.2019;06:00;26.03.2019 06:00;1070
26.03.2019;07:00;26.03.2019 07:00;1030
26.03.2019;08:00;26.03.2019 08:00;1110
26.03.2019;09:00;26.03.2019 09:00;1030
26.03.2019;10:00;26.03.2019 10:00;1040
26.03.2019;11:00;26.03.2019 11:00;940
26.03.2019;12:00;26.03.2019 12:00;910
26.03.2019;13:00;26.03.2019 13:00;910
26.03.2019;14:00;26.03.2019 14:00;910
26.03.2019;15:00;26.03.2019 15:00;910
26.03.2019;16:00;26.03.2019 16:00;880
26.03.2019;17:00;26.03.2019 17:00;900
26.03.2019;18:00;26.03.2019 18:00;860
26.03.2019;19:00;26.03.2019 19:00;860
26.03.2019;20:00;26.03.2019 20:00;890
26.03.2019;21:00;26.03.2019 21:00;900
26.03.2019;22:00;26.03.2019 22:00;870
26.03.2019;23:00;26.03.2019 23:00;800
27.03.2019;00:00;27.03.2019 00:00;830
27.03.2019;01:00;27.03.2019 01:00;730
27.03.2019;02:00;27.03.2019 02:00;890
27.03.2019;03:00;27.03.2019 03:00;770
27.03.2019;04:00;27.03.2019 04:00;920
27.03.2019;05:00;27.03.2019 05:00;770
27.03.2019;06:00;27.03.2019 06:00;1020
27.03.2019;07:00;27.03.2019 07:00;1010
27.03.2019;08:00;27.03.2019 08:00;1080
27.03.2019;09:00;27.03.2019 09:00;1060
27.03.2019;10:00;27.03.2019 10:00;940
27.03.2019;11:00;27.03.2019 11:00;860
27.03.2019;12:00;27.03.2019 12:00;940
27.03.2019;13:00;27.03.2019 13:00;720
27.03.2019;14:00;27.03.2019 14:00;770
27.03.2019;15:00;27.03.2019 15:00;740
27.03.2019;16:00;27.03.2019 16:00;650
27.03.2019;17:00;27.03.2019 17:00;730
27.03.2019;18:00;27.03.2019 18:00;710
27.03.2019;19:00;27.03.2019 19:00;690
27.03.2019;20:00;27.03.2019 20:00;820
27.03.2019;21:00;27.03.2019 21:00;780
27.03.2019;22:00;27.03.2019 22:00;650
27.03.2019;23:00;27.03.2019 23:00;780
28.03.2019;00:00;28.03.2019 00:00;590
28.03.2019;01:00;28.03.2019 01:00;710
28.03.2019;02:00;28.03.2019 02:00;620
28.03.2019;03:00;28.03.2019 03:00;720
28.03.2019;04:00;28.03.2019 04:00;630
28.03.2019;05:00;28.03.2019 05:00;720
28.03.2019;06:00;28.03.2019 06:00;810
28.03.2019;07:00;28.03.2019 07:00;760
28.03.2019;08:00;28.03.2019 08:00;900
28.03.2019;09:00;28.03.2019 09:00;860
28.03.2019;10:00;28.03.2019 10:00;820
28.03.2019;11:00;28.03.2019 11:00;750
28.03.2019;12:00;28.03.2019 12:00;680
28.03.2019;13:00;28.03.2019 13:00;620
28.03.2019;14:00;28.03.2019 14:00;690
28.03.2019;15:00;28.03.2019 15:00;640
28.03.2019;16:00;28.03.2019 16:00;630
28.03.2019;17:00;28.03.2019 17:00;680
28.03.2019;18:00;28.03.2019 18:00;630
28.03.2019;19:00;28.03.2019 19:00;660
28.03.2019;20:00;28.03.2019 20:00;720
28.03.2019;21:00;28.03.2019 21:00;690
28.03.2019;22:00;28.03.2019 22:00;680
28.03.2019;23:00;28.03.2019 23:00;730
29.03.2019;00:00;29.03.2019 00:00;580
29.03.2019;01:00;29.03.2019 01:00;790
29.03.2019;02:00;29.03.2019 02:00;640
29.03.2019;03:00;29.03.2019 03:00;820
29.03.2019;04:00;29.03.2019 04:00;690
29.03.2019;05:00;29.03.2019 05:00;850
29.03.2019;06:00;29.03.2019 06:00;910
29.03.2019;07:00;29.03.2019 07:00;950
29.03.2019;08:00;29.03.2019 08:00;1010
29.03.2019;09:00;29.03.2019 09:00;860
29.03.2019;10:00;29.03.2019 10:00;670
29.03.2019;11:00;29.03.2019 11:00;550
29.03.2019;12:00;29.03.2019 12:00;540
29.03.2019;13:00;29.03.2019 13:00;490
29.03.2019;14:00;29.03.2019 14:00;460
29.03.2019;15:00;29.03.2019 15:00;390
29.03.2019;16:00;29.03.2019 16:00;430
29.03.2019;17:00;29.03.2019 17:00;370
29.03.2019;18:00;29.03.2019 18:00;460
29.03.2019;19:00;29.03.2019 19:00;410
29.03.2019;20:00;29.03.2019 20:00;560
29.03.2019;21:00;29.03.2019 21:00;600
29.03.2019;22:00;29.03.2019 22:00;450
29.03.2019;23:00;29.03.2019 23:00;620
30.03.2019;00:00;30.03.2019 00:00;490
30.03.2019;01:00;30.03.2019 01:00;560
30.03.2019;02:00;30.03.2019 02:00;580
30.03.2019;03:00;30.03.2019 03:00;590
30.03.2019;04:00;30.03.2019 04:00;640
30.03.2019;05:00;30.03.2019 05:00;590
30.03.2019;06:00;30.03.2019 06:00;750
30.03.2019;07:00;30.03.2019 07:00;710
30.03.2019;08:00;30.03.2019 08:00;700
30.03.2019;09:00;30.03.2019 09:00;580
30.03.2019;10:00;30.03.2019 10:00;480
30.03.2019;11:00;30.03.2019 11:00;420
30.03.2019;12:00;30.03.2019 12:00;430
30.03.2019;13:00;30.03.2019 13:00;380
30.03.2019;14:00;30.03.2019 14:00;410
30.03.2019;15:00;30.03.2019 15:00;350
30.03.2019;16:00;30.03.2019 16:00;370
30.03.2019;17:00;30.03.2019 17:00;400
30.03.2019;18:00;30.03.2019 18:00;440
30.03.2019;19:00;30.03.2019 19:00;440
30.03.2019;20:00;30.03.2019 20:00;510
30.03.2019;21:00;30.03.2019 21:00;560
30.03.2019;22:00;30.03.2019 22:00;510
30.03.2019;23:00;30.03.2019 23:00;570
31.03.2019;00:00;31.03.2019 00:00;400
31.03.2019;01:00;31.03.2019 01:00;570
31.03.2019;02:00;31.03.2019 02:00;490
31.03.2019;03:00;31.03.2019 03:00;0
31.03.2019;04:00;31.03.2019 04:00;640
31.03.2019;05:00;31.03.2019 05:00;530
31.03.2019;06:00;31.03.2019 06:00;680
31.03.2019;07:00;31.03.2019 07:00;710
31.03.2019;08:00;31.03.2019 08:00;740
31.03.2019;09:00;31.03.2019 09:00;780
31.03.2019;10:00;31.03.2019 10:00;780
31.03.2019;11:00;31.03.2019 11:00;790
31.03.2019;12:00;31.03.2019 12:00;740
31.03.2019;13:00;31.03.2019 13:00;680
31.03.2019;14:00;31.03.2019 14:00;650
31.03.2019;15:00;31.03.2019 15:00;630
31.03.2019;16:00;31.03.2019 16:00;630
31.03.2019;17:00;31.03.2019 17:00;610
31.03.2019;18:00;31.03.2019 18:00;630
31.03.2019;19:00;31.03.2019 19:00;660
31.03.2019;20:00;31.03.2019 20:00;690
31.03.2019;21:00;31.03.2019 21:00;740
31.03.2019;22:00;31.03.2019 22:00;750
31.03.2019;23:00;31.03.2019 23:00;720
01.04.2019;00:00;01.04.2019 00:00;770
01.04.2019;01:00;01.04.2019 01:00;750
01.04.2019;02:00;01.04.2019 02:00;920
01.04.2019;03:00;01.04.2019 03:00;790
01.04.2019;04:00;01.04.2019 04:00;970
01.04.2019;05:00;01.04.2019 05:00;810
01.04.2019;06:00;01.04.2019 06:00;1120
01.04.2019;07:00;01.04.2019 07:00;950
01.04.2019;08:00;01.04.2019 08:00;1210
01.04.2019;09:00;01.04.2019 09:00;1130
01.04.2019;10:00;01.04.2019 10:00;1030
01.04.2019;11:00;01.04.2019 11:00;780
01.04.2019;12:00;01.04.2019 12:00;740
01.04.2019;13:00;01.04.2019 13:00;700
01.04.2019;14:00;01.04.2019 14:00;590
01.04.2019;15:00;01.04.2019 15:00;620
01.04.2019;16:00;01.04.2019 16:00;460
01.04.2019;17:00;01.04.2019 17:00;530
01.04.2019;18:00;01.04.2019 18:00;520
01.04.2019;19:00;01.04.2019 19:00;410
01.04.2019;20:00;01.04.2019 20:00;600
01.04.2019;21:00;01.04.2019 21:00;630
01.04.2019;22:00;01.04.2019 22:00;610
01.04.2019;23:00;01.04.2019 23:00;700
02.04.2019;00:00;02.04.2019 00:00;550
02.04.2019;01:00;02.04.2019 01:00;720
02.04.2019;02:00;02.04.2019 02:00;650
02.04.2019;03:00;02.04.2019 03:00;700
02.04.2019;04:00;02.04.2019 04:00;620
02.04.2019;05:00;02.04.2019 05:00;660
02.04.2019;06:00;02.04.2019 06:00;780
02.04.2019;07:00;02.04.2019 07:00;720
02.04.2019;08:00;02.04.2019 08:00;830
02.04.2019;09:00;02.04.2019 09:00;750
02.04.2019;10:00;02.04.2019 10:00;660
02.04.2019;11:00;02.04.2019 11:00;590
02.04.2019;12:00;02.04.2019 12:00;520
02.04.2019;13:00;02.04.2019 13:00;440
02.04.2019;14:00;02.04.2019 14:00;530
02.04.2019;15:00;02.04.2019 15:00;530
02.04.2019;16:00;02.04.2019 16:00;550
02.04.2019;17:00;02.04.2019 17:00;620
02.04.2019;18:00;02.04.2019 18:00;510
02.04.2019;19:00;02.04.2019 19:00;450
02.04.2019;20:00;02.04.2019 20:00;490
02.04.2019;21:00;02.04.2019 21:00;560
02.04.2019;22:00;02.04.2019 22:00;650
02.04.2019;23:00;02.04.2019 23:00;620
03.04.2019;00:00;03.04.2019 00:00;590
03.04.2019;01:00;03.04.2019 01:00;590
03.04.2019;02:00;03.04.2019 02:00;580
03.04.2019;03:00;03.04.2019 03:00;590
03.04.2019;04:00;03.04.2019 04:00;610
03.04.2019;05:00;03.04.2019 05:00;640
03.04.2019;06:00;03.04.2019 06:00;770
03.04.2019;07:00;03.04.2019 07:00;810
03.04.2019;08:00;03.04.2019 08:00;850
03.04.2019;09:00;03.04.2019 09:00;890
03.04.2019;10:00;03.04.2019 10:00;900
03.04.2019;11:00;03.04.2019 11:00;850
03.04.2019;12:00;03.04.2019 12:00;800
03.04.2019;13:00;03.04.2019 13:00;780
03.04.2019;14:00;03.04.2019 14:00;690
03.04.2019;15:00;03.04.2019 15:00;650
03.04.2019;16:00;03.04.2019 16:00;720
03.04.2019;17:00;03.04.2019 17:00;660
03.04.2019;18:00;03.04.2019 18:00;660
03.04.2019;19:00;03.04.2019 19:00;680
03.04.2019;20:00;03.04.2019 20:00;760
03.04.2019;21:00;03.04.2019 21:00;810
03.04.2019;22:00;03.04.2019 22:00;770
03.04.2019;23:00;03.04.2019 23:00;750
04.04.2019;00:00;04.04.2019 00:00;700
04.04.2019;01:00;04.04.2019 01:00;710
04.04.2019;02:00;04.04.2019 02:00;680
04.04.2019;03:00;04.04.2019 03:00;750
04.04.2019;04:00;04.04.2019 04:00;730
04.04.2019;05:00;04.04.2019 05:00;740
04.04.2019;06:00;04.04.2019 06:00;910
04.04.2019;07:00;04.04.2019 07:00;910
04.04.2019;08:00;04.04.2019 08:00;990
04.04.2019;09:00;04.04.2019 09:00;1000
04.04.2019;10:00;04.04.2019 10:00;940
04.04.2019;11:00;04.04.2019 11:00;930
04.04.2019;12:00;04.04.2019 12:00;890
04.04.2019;13:00;04.04.2019 13:00;830
04.04.2019;14:00;04.04.2019 14:00;870
04.04.2019;15:00;04.04.2019 15:00;890
04.04.2019;16:00;04.04.2019 16:00;870
04.04.2019;17:00;04.04.2019 17:00;860
04.04.2019;18:00;04.04.2019 18:00;860
04.04.2019;19:00;04.04.2019 19:00;890
04.04.2019;20:00;04.04.2019 20:00;860
04.04.2019;21:00;04.04.2019 21:00;910
04.04.2019;22:00;04.04.2019 22:00;810
04.04.2019;23:00;04.04.2019 23:00;850
05.04.2019;00:00;05.04.2019 00:00;710
05.04.2019;01:00;05.04.2019 01:00;790
05.04.2019;02:00;05.04.2019 02:00;780
05.04.2019;03:00;05.04.2019 03:00;750
05.04.2019;04:00;05.04.2019 04:00;820
05.04.2019;05:00;05.04.2019 05:00;700
05.04.2019;06:00;05.04.2019 06:00;930
05.04.2019;07:00;05.04.2019 07:00;970
05.04.2019;08:00;05.04.2019 08:00;1040
05.04.2019;09:00;05.04.2019 09:00;980
05.04.2019;10:00;05.04.2019 10:00;940
05.04.2019;11:00;05.04.2019 11:00;870
05.04.2019;12:00;05.04.2019 12:00;860
05.04.2019;13:00;05.04.2019 13:00;810
05.04.2019;14:00;05.04.2019 14:00;790
05.04.2019;15:00;05.04.2019 15:00;800
05.04.2019;16:00;05.04.2019 16:00;820
05.04.2019;17:00;05.04.2019 17:00;790
05.04.2019;18:00;05.04.2019 18:00;810
05.04.2019;19:00;05.04.2019 19:00;810
05.04.2019;20:00;05.04.2019 20:00;820
05.04.2019;21:00;05.04.2019 21:00;830
05.04.2019;22:00;05.04.2019 22:00;810
05.04.2019;23:00;05.04.2019 23:00;770
06.04.2019;00:00;06.04.2019 00:00;730
06.04.2019;01:00;06.04.2019 01:00;690
06.04.2019;02:00;06.04.2019 02:00;710
06.04.2019;03:00;06.04.2019 03:00;750
06.04.2019;04:00;06.04.2019 04:00;720
06.04.2019;05:00;06.04.2019 05:00;690
06.04.2019;06:00;06.04.2019 06:00;830
06.04.2019;07:00;06.04.2019 07:00;820
06.04.2019;08:00;06.04.2019 08:00;850
06.04.2019;09:00;06.04.2019 09:00;850
06.04.2019;10:00;06.04.2019 10:00;800
06.04.2019;11:00;06.04.2019 11:00;730
06.04.2019;12:00;06.04.2019 12:00;650
06.04.2019;13:00;06.04.2019 13:00;590
06.04.2019;14:00;06.04.2019 14:00;500
06.04.2019;15:00;06.04.2019 15:00;480
06.04.2019;16:00;06.04.2019 16:00;490
06.04.2019;17:00;06.04.2019 17:00;460
06.04.2019;18:00;06.04.2019 18:00;460
06.04.2019;19:00;06.04.2019 19:00;490
06.04.2019;20:00;06.04.2019 20:00;500
06.04.2019;21:00;06.04.2019 21:00;570
06.04.2019;22:00;06.04.2019 22:00;570
06.04.2019;23:00;06.04.2019 23:00;560
07.04.2019;00:00;07.04.2019 00:00;540
07.04.2019;01:00;07.04.2019 01:00;530
07.04.2019;02:00;07.04.2019 02:00;520
07.04.2019;03:00;07.04.2019 03:00;520
07.04.2019;04:00;07.04.2019 04:00;530
07.04.2019;05:00;07.04.2019 05:00;560
07.04.2019;06:00;07.04.2019 06:00;660
07.04.2019;07:00;07.04.2019 07:00;690
07.04.2019;08:00;07.04.2019 08:00;740
07.04.2019;09:00;07.04.2019 09:00;720
07.04.2019;10:00;07.04.2019 10:00;600
07.04.2019;11:00;07.04.2019 11:00;510
07.04.2019;12:00;07.04.2019 12:00;420
07.04.2019;13:00;07.04.2019 13:00;380
07.04.2019;14:00;07.04.2019 14:00;340
07.04.2019;15:00;07.04.2019 15:00;340
07.04.2019;16:00;07.04.2019 16:00;330
07.04.2019;17:00;07.04.2019 17:00;310
07.04.2019;18:00;07.04.2019 18:00;340
07.04.2019;19:00;07.04.2019 19:00;370
07.04.2019;20:00;07.04.2019 20:00;400
07.04.2019;21:00;07.04.2019 21:00;420
07.04.2019;22:00;07.04.2019 22:00;450
07.04.2019;23:00;07.04.2019 23:00;440
08.04.2019;00:00;08.04.2019 00:00;400
08.04.2019;01:00;08.04.2019 01:00;440
08.04.2019;02:00;08.04.2019 02:00;520
08.04.2019;03:00;08.04.2019 03:00;490
08.04.2019;04:00;08.04.2019 04:00;520
08.04.2019;05:00;08.04.2019 05:00;530
08.04.2019;06:00;08.04.2019 06:00;650
08.04.2019;07:00;08.04.2019 07:00;660
08.04.2019;08:00;08.04.2019 08:00;720
08.04.2019;09:00;08.04.2019 09:00;690
08.04.2019;10:00;08.04.2019 10:00;530
08.04.2019;11:00;08.04.2019 11:00;440
08.04.2019;12:00;08.04.2019 12:00;330
08.04.2019;13:00;08.04.2019 13:00;330
08.04.2019;14:00;08.04.2019 14:00;300
08.04.2019;15:00;08.04.2019 15:00;310
08.04.2019;16:00;08.04.2019 16:00;280
08.04.2019;17:00;08.04.2019 17:00;250
08.04.2019;18:00;08.04.2019 18:00;310
08.04.2019;19:00;08.04.2019 19:00;320
08.04.2019;20:00;08.04.2019 20:00;350
08.04.2019;21:00;08.04.2019 21:00;370
08.04.2019;22:00;08.04.2019 22:00;360
08.04.2019;23:00;08.04.2019 23:00;390
09.04.2019;00:00;09.04.2019 00:00;380
09.04.2019;01:00;09.04.2019 01:00;330
09.04.2019;02:00;09.04.2019 02:00;490
09.04.2019;03:00;09.04.2019 03:00;480
09.04.2019;04:00;09.04.2019 04:00;490
09.04.2019;05:00;09.04.2019 05:00;570
09.04.2019;06:00;09.04.2019 06:00;700
09.04.2019;07:00;09.04.2019 07:00;690
09.04.2019;08:00;09.04.2019 08:00;770
09.04.2019;09:00;09.04.2019 09:00;760
09.04.2019;10:00;09.04.2019 10:00;710
09.04.2019;11:00;09.04.2019 11:00;630
09.04.2019;12:00;09.04.2019 12:00;550
09.04.2019;13:00;09.04.2019 13:00;540
09.04.2019;14:00;09.04.2019 14:00;480
09.04.2019;15:00;09.04.2019 15:00;400
09.04.2019;16:00;09.04.2019 16:00;410
09.04.2019;17:00;09.04.2019 17:00;420
09.04.2019;18:00;09.04.2019 18:00;410
09.04.2019;19:00;09.04.2019 19:00;450
09.04.2019;20:00;09.04.2019 20:00;520
09.04.2019;21:00;09.04.2019 21:00;550
09.04.2019;22:00;09.04.2019 22:00;550
09.04.2019;23:00;09.04.2019 23:00;560
10.04.2019;00:00;10.04.2019 00:00;520
10.04.2019;01:00;10.04.2019 01:00;580
10.04.2019;02:00;10.04.2019 02:00;580
10.04.2019;03:00;10.04.2019 03:00;660
10.04.2019;04:00;10.04.2019 04:00;690
10.04.2019;05:00;10.04.2019 05:00;690
10.04.2019;06:00;10.04.2019 06:00;860
10.04.2019;07:00;10.04.2019 07:00;940
10.04.2019;08:00;10.04.2019 08:00;1050
10.04.2019;09:00;10.04.2019 09:00;1030
10.04.2019;10:00;10.04.2019 10:00;960
10.04.2019;11:00;10.04.2019 11:00;810
10.04.2019;12:00;10.04.2019 12:00;730
10.04.2019;13:00;10.04.2019 13:00;650
10.04.2019;14:00;10.04.2019 14:00;640
10.04.2019;15:00;10.04.2019 15:00;520
10.04.2019;16:00;10.04.2019 16:00;600
10.04.2019;17:00;10.04.2019 17:00;600
10.04.2019;18:00;10.04.2019 18:00;530
10.04.2019;19:00;10.04.2019 19:00;600
10.04.2019;20:00;10.04.2019 20:00;660
10.04.2019;21:00;10.04.2019 21:00;740
10.04.2019;22:00;10.04.2019 22:00;730
10.04.2019;23:00;10.04.2019 23:00;720
11.04.2019;00:00;11.04.2019 00:00;720
11.04.2019;01:00;11.04.2019 01:00;720
11.04.2019;02:00;11.04.2019 02:00;770
11.04.2019;03:00;11.04.2019 03:00;830
11.04.2019;04:00;11.04.2019 04:00;760
11.04.2019;05:00;11.04.2019 05:00;900
11.04.2019;06:00;11.04.2019 06:00;870
11.04.2019;07:00;11.04.2019 07:00;1090
11.04.2019;08:00;11.04.2019 08:00;1170
11.04.2019;09:00;11.04.2019 09:00;1110
11.04.2019;10:00;11.04.2019 10:00;940
11.04.2019;11:00;11.04.2019 11:00;760
11.04.2019;12:00;11.04.2019 12:00;800
11.04.2019;13:00;11.04.2019 13:00;730
11.04.2019;14:00;11.04.2019 14:00;710
11.04.2019;15:00;11.04.2019 15:00;650
11.04.2019;16:00;11.04.2019 16:00;700
11.04.2019;17:00;11.04.2019 17:00;610
11.04.2019;18:00;11.04.2019 18:00;730
11.04.2019;19:00;11.04.2019 19:00;700
11.04.2019;20:00;11.04.2019 20:00;760
11.04.2019;21:00;11.04.2019 21:00;830
11.04.2019;22:00;11.04.2019 22:00;800
11.04.2019;23:00;11.04.2019 23:00;790
12.04.2019;00:00;12.04.2019 00:00;780
12.04.2019;01:00;12.04.2019 01:00;730
12.04.2019;02:00;12.04.2019 02:00;820
12.04.2019;03:00;12.04.2019 03:00;720
12.04.2019;04:00;12.04.2019 04:00;780
12.04.2019;05:00;12.04.2019 05:00;780
12.04.2019;06:00;12.04.2019 06:00;900
12.04.2019;07:00;12.04.2019 07:00;970
12.04.2019;08:00;12.04.2019 08:00;1040
12.04.2019;09:00;12.04.2019 09:00;1010
12.04.2019;10:00;12.04.2019 10:00;970
12.04.2019;11:00;12.04.2019 11:00;940
12.04.2019;12:00;12.04.2019 12:00;930
12.04.2019;13:00;12.04.2019 13:00;930
12.04.2019;14:00;12.04.2019 14:00;950
12.04.2019;15:00;12.04.2019 15:00;900
12.04.2019;16:00;12.04.2019 16:00;900
12.04.2019;17:00;12.04.2019 17:00;940
12.04.2019;18:00;12.04.2019 18:00;900
12.04.2019;19:00;12.04.2019 19:00;900
12.04.2019;20:00;12.04.2019 20:00;940
12.04.2019;21:00;12.04.2019 21:00;970
12.04.2019;22:00;12.04.2019 22:00;880
12.04.2019;23:00;12.04.2019 23:00;930
13.04.2019;00:00;13.04.2019 00:00;850
13.04.2019;01:00;13.04.2019 01:00;860
13.04.2019;02:00;13.04.2019 02:00;920
13.04.2019;03:00;13.04.2019 03:00;840
13.04.2019;04:00;13.04.2019 04:00;960
13.04.2019;05:00;13.04.2019 05:00;880
13.04.2019;06:00;13.04.2019 06:00;1080
13.04.2019;07:00;13.04.2019 07:00;1050
13.04.2019;08:00;13.04.2019 08:00;1220
13.04.2019;09:00;13.04.2019 09:00;1210
13.04.2019;10:00;13.04.2019 10:00;1100
13.04.2019;11:00;13.04.2019 11:00;970
13.04.2019;12:00;13.04.2019 12:00;1030
13.04.2019;13:00;13.04.2019 13:00;860
13.04.2019;14:00;13.04.2019 14:00;960
13.04.2019;15:00;13.04.2019 15:00;820
13.04.2019;16:00;13.04.2019 16:00;940
13.04.2019;17:00;13.04.2019 17:00;800
13.04.2019;18:00;13.04.2019 18:00;1060
13.04.2019;19:00;13.04.2019 19:00;1050
13.04.2019;20:00;13.04.2019 20:00;1010
13.04.2019;21:00;13.04.2019 21:00;1090
13.04.2019;22:00;13.04.2019 22:00;970
13.04.2019;23:00;13.04.2019 23:00;1060
14.04.2019;00:00;14.04.2019 00:00;790
14.04.2019;01:00;14.04.2019 01:00;1050
14.04.2019;02:00;14.04.2019 02:00;830
14.04.2019;03:00;14.04.2019 03:00;1030
14.04.2019;04:00;14.04.2019 04:00;820
14.04.2019;05:00;14.04.2019 05:00;1020
14.04.2019;06:00;14.04.2019 06:00;950
14.04.2019;07:00;14.04.2019 07:00;1140
14.04.2019;08:00;14.04.2019 08:00;1160
14.04.2019;09:00;14.04.2019 09:00;1180
14.04.2019;10:00;14.04.2019 10:00;1120
14.04.2019;11:00;14.04.2019 11:00;940
14.04.2019;12:00;14.04.2019 12:00;950
14.04.2019;13:00;14.04.2019 13:00;760
14.04.2019;14:00;14.04.2019 14:00;820
14.04.2019;15:00;14.04.2019 15:00;740
14.04.2019;16:00;14.04.2019 16:00;740
14.04.2019;17:00;14.04.2019 17:00;780
14.04.2019;18:00;14.04.2019 18:00;720
14.04.2019;19:00;14.04.2019 19:00;850
14.04.2019;20:00;14.04.2019 20:00;870
14.04.2019;21:00;14.04.2019 21:00;880
14.04.2019;22:00;14.04.2019 22:00;810
14.04.2019;23:00;14.04.2019 23:00;870
15.04.2019;00:00;15.04.2019 00:00;790
15.04.2019;01:00;15.04.2019 01:00;790
15.04.2019;02:00;15.04.2019 02:00;880
15.04.2019;03:00;15.04.2019 03:00;780
15.04.2019;04:00;15.04.2019 04:00;900
15.04.2019;05:00;15.04.2019 05:00;840
15.04.2019;06:00;15.04.2019 06:00;940
15.04.2019;07:00;15.04.2019 07:00;1010
15.04.2019;08:00;15.04.2019 08:00;1090
15.04.2019;09:00;15.04.2019 09:00;1020
15.04.2019;10:00;15.04.2019 10:00;920
15.04.2019;11:00;15.04.2019 11:00;780
15.04.2019;12:00;15.04.2019 12:00;700
15.04.2019;13:00;15.04.2019 13:00;620
15.04.2019;14:00;15.04.2019 14:00;550
15.04.2019;15:00;15.04.2019 15:00;510
15.04.2019;16:00;15.04.2019 16:00;500
15.04.2019;17:00;15.04.2019 17:00;460
15.04.2019;18:00;15.04.2019 18:00;470
15.04.2019;19:00;15.04.2019 19:00;420
15.04.2019;20:00;15.04.2019 20:00;540
15.04.2019;21:00;15.04.2019 21:00;620
15.04.2019;22:00;15.04.2019 22:00;610
15.04.2019;23:00;15.04.2019 23:00;630
16.04.2019;00:00;16.04.2019 00:00;640
16.04.2019;01:00;16.04.2019 01:00;610
16.04.2019;02:00;16.04.2019 02:00;750
16.04.2019;03:00;16.04.2019 03:00;650
16.04.2019;04:00;16.04.2019 04:00;770
16.04.2019;05:00;16.04.2019 05:00;720
16.04.2019;06:00;16.04.2019 06:00;880
16.04.2019;07:00;16.04.2019 07:00;910
16.04.2019;08:00;16.04.2019 08:00;970
16.04.2019;09:00;16.04.2019 09:00;910
16.04.2019;10:00;16.04.2019 10:00;760
16.04.2019;11:00;16.04.2019 11:00;640
16.04.2019;12:00;16.04.2019 12:00;550
16.04.2019;13:00;16.04.2019 13:00;450
16.04.2019;14:00;16.04.2019 14:00;410
16.04.2019;15:00;16.04.2019 15:00;340
16.04.2019;16:00;16.04.2019 16:00;370
16.04.2019;17:00;16.04.2019 17:00;340
16.04.2019;18:00;16.04.2019 18:00;290
16.04.2019;19:00;16.04.2019 19:00;410
16.04.2019;20:00;16.04.2019 20:00;330
16.04.2019;21:00;16.04.2019 21:00;530
16.04.2019;22:00;16.04.2019 22:00;520
16.04.2019;23:00;16.04.2019 23:00;400
17.04.2019;00:00;17.04.2019 00:00;490
17.04.2019;01:00;17.04.2019 01:00;410
17.04.2019;02:00;17.04.2019 02:00;530
17.04.2019;03:00;17.04.2019 03:00;520
17.04.2019;04:00;17.04.2019 04:00;430
17.04.2019;05:00;17.04.2019 05:00;550
17.04.2019;06:00;17.04.2019 06:00;610
17.04.2019;07:00;17.04.2019 07:00;610
17.04.2019;08:00;17.04.2019 08:00;630
17.04.2019;09:00;17.04.2019 09:00;600
17.04.2019;10:00;17.04.2019 10:00;520
17.04.2019;11:00;17.04.2019 11:00;480
17.04.2019;12:00;17.04.2019 12:00;450
17.04.2019;13:00;17.04.2019 13:00;400
17.04.2019;14:00;17.04.2019 14:00;390
17.04.2019;15:00;17.04.2019 15:00;340
17.04.2019;16:00;17.04.2019 16:00;380
17.04.2019;17:00;17.04.2019 17:00;500
17.04.2019;18:00;17.04.2019 18:00;360
17.04.2019;19:00;17.04.2019 19:00;400
17.04.2019;20:00;17.04.2019 20:00;410
17.04.2019;21:00;17.04.2019 21:00;430
17.04.2019;22:00;17.04.2019 22:00;430
17.04.2019;23:00;17.04.2019 23:00;410
18.04.2019;00:00;18.04.2019 00:00;400
18.04.2019;01:00;18.04.2019 01:00;390
18.04.2019;02:00;18.04.2019 02:00;480
18.04.2019;03:00;18.04.2019 03:00;380
18.04.2019;04:00;18.04.2019 04:00;530
18.04.2019;05:00;18.04.2019 05:00;430
18.04.2019;06:00;18.04.2019 06:00;600
